Geo_TRACT_2017,Pct_unemployed_2017_c,Pct_vacant_2017_c,Pct_fam_blw_pov_2017_c,Pct_car_access_2017_c,Gini_Index_2017_c,Pct_unemployed_2009_c,Pct_vacant_2009_c,Pct_fam_blw_pov_2009_c,Pct_car_access_2009_c,Gini_Index_2009_c,FCI_13_17_cens,FCI_05_09_cens,FCI_cens,BMI_15_m_c,BMI_08_m_c,FCI,FCI_13_17,FCI_05_09,life_expectancy,Pct_Bach_2017,Median_Household_Income_2017,Pct_Own_2017,NUMLIVHH_15_m,PARTICIP_15_m,GROCERY_15_m,FINDFRUT_15_m,MAINEMPL_15_m,NPOV200_15_m,BELONG_15_m,ORIGIN_15_m,INSUREDA_15_m,job_density_13,FCI_17
100,-7.669920683,-5.924570575,-4.038395274,-0.746433078,-0.697,-8.608837378,-5.909592823,-2.810867845,0.110550776,-1.15,-19.07631961,-18.36874727,-0.707572342,-2.826708617,-2.46038994,-1.073891019,-21.90302823,-20.82913721,1.672644814,2.88645836,3.184843727,-1.207159754,-0.741873417,-1.424832713,0.486068909,0.111529001,0.170815685,1.24002119,0.263288633,0.350648452,-0.985065297,2.947405656,7.641489536
200,-5.543554007,-6.692671395,-1.732662846,0.886125596,1.495,-7.409311348,-6.415698698,-3.829614604,2.398098934,-0.52999994,-11.58776265,-15.78652566,4.198763004,-1.286014016,NA,NA,-12.87377667,NA,1.354330723,0.600513216,-0.535865433,-0.907247727,0.59693631,-2.033919913,2.413590626,1.810900616,1.144875983,1.81857659,0.907786112,1.886426211,0.770008409,4.770354849,14.37424728
300,-7.143972246,-8.488673139,-3.92467482,0.279088105,0.045,-8.779193206,-5.771498771,-4.04368653,0.543143413,0.59000025,-19.2332321,-17.46123484,-1.771997256,NA,NA,NA,NA,NA,0.876859587,2.785835912,1.978882153,-1.605806177,-1.485656598,NA,NA,NA,-0.370328924,0.918601523,NA,0.094685493,0.770008409,5.686282286,NA
500,-5.062378168,-9.387161484,-4.235294118,2.370207927,0.772,-4.811836115,-0.333333333,-4.235294118,2.735253772,-0.80000004,-15.54262584,-7.445209834,-8.097416009,NA,NA,NA,NA,NA,NA,0.83998067,5.83E-04,-2.650703003,NA,NA,NA,NA,NA,NA,NA,NA,NA,6.624202407,NA
600,-6.614035088,-2.817805383,-3.719298246,1.120158326,-0.201,1.38961039,-6.927423536,-2.672151378,1.463850948,0.97000012,-12.23198039,-5.776113456,-6.455866934,-3.127317609,NA,NA,-15.359298,NA,1.64611864,2.894618904,1.666358034,-2.586676952,-1.277397307,1.163787888,-0.284939778,0.819600507,1.144875983,1.81857659,-0.220084476,1.214523441,0.770008409,10.38288797,21.13564625
700,-7.894927536,-4.301250295,-3.717351091,1.309338488,1.013,-6.801324503,-0.851754769,-4.235294118,1.867348129,-0.24999996,-13.59119043,-10.27102522,-3.320165214,NA,-2.617489393,NA,NA,-12.88851461,1.168647503,2.934343165,0.457240602,-1.503313251,-2.526953053,1.28222151,1.514080492,0.929744964,0.387273529,0.46861399,-0.220084476,0.990555852,-0.595048918,5.931622901,13.43091128
1300,-7.722409764,-7.074708855,-4.235294118,-0.552854938,-0.26,-7.253164557,-2.122324159,-2.769139817,0.320576816,-0.54999998,-19.84526767,-12.3740517,-7.471215979,-1.410938869,-2.788753964,-6.093400884,-21.25620654,-15.16280566,1.540013943,2.35876658,2.874392111,0.450654941,-0.777575009,-0.470596099,0.614570357,-0.30387295,-0.218808434,0.19862147,0.907786112,0.273859564,-0.049025987,-0.209494891,6.414822659
1400,-7.864864865,-5.969128247,-3.945018356,0.393134264,-0.175,-7.523644752,-3.770604597,-3.91617913,1.234773531,-0.1700001,-17.5608772,-14.14565505,-3.415222156,NA,NA,NA,NA,NA,1.540013943,2.037182079,2.144729542,-0.058627956,-0.936609377,-0.289715658,0.696344005,NA,-0.094837123,0.345890118,1.625521941,-0.068200027,0.770008409,-0.104147217,NA
1500,-7.795061728,-8.45320197,-3.441356911,-0.090249695,0.05,-7.691483362,-5.026375625,-3.981239007,-0.172053157,-0.4399999,-19.7298703,-17.31115105,-2.418719254,-1.068969274,-1.479041424,-2.008647104,-20.79883958,-18.79019248,1.64611864,2.286980115,0.941311496,-0.322445369,-1.90217518,0.808487021,1.813917203,1.37032279,1.144875983,1.368589057,0.53182925,-0.801184866,0.770008409,-0.014493087,11.82095127
1600,-8.70749543,-3.66404818,-4.235294118,-0.52345984,-0.277,-8.52765693,-6.348370927,-3.79198636,-0.128542718,-0.48999985,-17.40729757,-19.28655678,1.879259217,NA,NA,NA,NA,NA,0.399388451,2.939961009,2.504779938,-0.066385982,NA,NA,NA,NA,NA,NA,NA,NA,NA,0.448167834,NA
1700,-7.926582278,-9.035763411,-4.143739986,-0.869735779,-0.379,-8.244532803,-6.408766565,-4.235294118,-0.788791874,0.03000001,-22.35482146,-19.64738535,-2.707436106,-2.757395323,-2.648797781,-2.816033648,-25.11221678,-22.29618313,2.33579917,2.514676297,2.86916375,0.343785564,-2.214564116,-0.435066013,NA,0.819600507,1.144875983,0.80610464,0.625818465,-0.801184866,0.770008409,-0.157635598,NA
1800,-8.192488263,-7.702614379,-3.82655056,-0.294959219,-0.339,-4.495049505,-11.4028644,-3.638419854,-0.316713416,-0.52000006,-20.35561242,-20.37304724,0.017434817,-2.468663521,NA,NA,-22.82427594,NA,1.248226026,2.117036822,2.124287121,-0.037924851,0.59693631,0.630836588,1.064325424,-0.171699602,1.144875983,1.81857659,0.625818465,1.214523441,0.770008409,0.032044519,13.63700823
1900,-6.550349363,-6.330914954,-3.47684981,-0.38955985,-0.378,-6.112526539,6.402366864,-1.595567867,0.820151564,-0.27,-17.12567398,-0.755575979,-16.370098,0.766657619,-1.983849243,-13.61959114,-16.35901636,-2.739425222,-0.210713557,2.054390518,1.935171169,-0.087214961,0.59693631,0.097885287,-1.184449913,NA,1.144875983,-0.881348609,3.163527288,NA,-3.325163573,-0.035236805,NA
2000,-3.240460763,0.588325653,-2.295707472,-0.326460802,-0.507,-1.833333333,6.17769131,0.201680672,2.168736713,0.56999991,-5.781303384,7.284775271,-13.06607866,1.667766104,NA,NA,-4.113537281,NA,-0.900394087,0.156296503,-0.037098605,0.497345565,0.061412419,0.402428888,-1.826957152,-1.021385409,0.170815685,-1.074200409,0.263288633,-0.801184866,0.770008409,-0.220681294,-4.179262242
2100,-4.852470424,0.76693286,-1.761689291,-0.264514302,-0.295,-3.438502674,8.140740741,-0.878193702,0.115932279,-1.03000005,-6.406741157,2.909976595,-9.316717752,0.231032124,NA,NA,-6.175709033,NA,-0.131135034,0.274193645,0.429921237,0.853951759,-0.027841562,2.229690488,-1.184449913,-2.15429982,1.144875983,1.81857659,-1.347955063,1.886426211,-3.325163573,-0.224591104,0.317590511
2200,-6.349237906,-0.123438281,-1.541795666,-0.266254413,-0.165,-1.655367232,6.86163522,1.233224948,0.495984658,0.29999981,-8.445726265,7.235477405,-15.68120367,NA,NA,NA,NA,NA,0.372862276,1.438647907,0.852240944,-0.588095074,NA,NA,NA,NA,NA,NA,NA,NA,NA,-0.113270108,NA
2300,-6.931793179,-7.553129549,-3.879422232,0.461009878,-0.576,-5.694021102,-6.220125786,-2.866746699,0.447665056,-0.52000006,-18.47933508,-14.85322859,-3.626106491,NA,NA,NA,NA,NA,0.611597844,1.243976351,0.547677122,0.188176516,NA,NA,NA,NA,NA,NA,NA,NA,NA,-0.083892226,NA
2400,-5.474501109,-3.11814346,-2.985835344,-0.3295944,-0.382,-4.640183848,-1.862236629,-1.022737274,0.437819934,-0.22999992,-12.29007431,-7.317337737,-4.972736574,-2.015150398,NA,NA,-14.30522471,NA,1.301278375,1.512468186,1.10866616,-0.264608755,-1.618185238,0.873087179,1.677627789,1.089955083,0.52501943,0.714061736,1.317920871,-0.068200027,0.770008409,0.086510353,10.98865181
2500,-5.12079966,-5.811369509,-3.291897891,-0.470755892,0.297,-3.901098901,-6.550561798,-0.747792247,0.230964999,1.45999978,-14.39782295,-9.508488167,-4.889334785,0.286604606,-0.721865778,-3.880864401,-14.11121835,-10.23035394,-0.635132345,1.320545091,0.892419252,0.214796079,-0.902530584,-0.968017313,0.254766303,1.414380573,0.463033775,0.19862147,-1.235168005,-0.801184866,-0.458543186,-0.157798507,0.046550998
2900,-6.359289039,-2.806654112,-2.280469635,0.118744932,0.171,-7.915601023,-4.799239099,-3.017104714,0.38209924,-0.15000006,-11.15666785,-15.49984566,4.343177803,NA,-2.438557726,NA,NA,-17.93840338,0.187179057,0.819300271,0.47641126,0.692325382,-0.851412394,-0.192815422,0.696344005,0.369009549,1.144875983,0.898147545,NA,0.298292392,0.211575866,-0.026276822,NA
3100,-2.556448014,-1.029766919,-2.276776607,1.201884863,1.00E-03,-2.873239437,0.879809042,-1.721062619,1.348523504,-0.5099999,-4.660106677,-2.875969409,-1.784137268,-1.487109876,0.230163775,-3.501410919,-6.147216554,-2.645805634,-1.059551133,-0.099103555,-0.540952487,-0.014004998,0.195293392,NA,NA,NA,0.170815685,0.95074349,NA,-0.225268207,0.770008409,-0.265492067,NA
3200,-1.266152363,9.986382475,-0.484446788,0.830456923,-0.123,2.802835922,1.882490059,1.185487334,2.1558606,-0.66999992,8.943240248,7.356673995,1.586566253,NA,-0.905377683,NA,NA,6.451296312,-0.953446436,-0.647083226,-0.763369804,0.100851508,-0.340230499,2.940292221,NA,NA,-1.696133218,-0.881348609,0.343850818,-0.129282097,-1.277577582,-0.228609521,NA
3300,-1.225433526,-3.852184321,-1.106951872,1.243232136,-0.034,-3.619666048,2.137493658,-0.703978679,2.162594626,-0.41999986,-4.975337582,-0.443556303,-4.531781279,NA,-0.932150395,NA,NA,-1.375706698,-1.245234352,-0.934875507,-0.518060743,-0.18803818,0.239920383,NA,NA,NA,NA,-0.30279321,NA,-0.801184866,0.18498384,-0.106156425,NA
3600,-0.33640553,-9.33495483,0.046418567,0.675831164,0.307,-0.251646904,-10.98144758,-1.023712455,0.783721116,-0.47000011,-8.642110628,-11.94308593,3.300975302,NA,-0.257356287,NA,NA,-12.20044222,-0.025030337,-0.694655384,-1.102318344,-0.84200614,-0.152797137,-0.435066013,NA,NA,-2.605256163,-1.218839259,-1.404348593,-0.801184866,0.155732612,-0.240719073,NA
3701,-1.190951193,2.162973904,-1.020029517,0.443419907,-0.111,-0.993464052,-0.077598095,0.816654436,0.833461529,0.11999974,0.284413101,0.699053559,-0.414640458,-0.313573059,-0.282365267,-0.44584825,-0.029159958,0.416688292,-1.590074618,-0.788571631,-0.44976233,0.473480468,0.329174365,1.011516088,NA,0.111529001,-0.316214463,-0.20636731,-0.945144139,-0.801184866,-0.107528444,-0.225677163,NA
3702,-1.740434333,-7.700389105,-2.251798017,0.378426765,-0.782,-2.918575064,-5.205980066,-0.866390334,0.082539683,-0.71,-12.09619469,-9.618405782,-2.477788908,NA,NA,NA,NA,NA,0.160652882,-0.618390537,-0.315143802,0.394343906,NA,NA,NA,NA,NA,NA,NA,NA,NA,0.176218785,NA
3800,-4.776135164,-7.954663471,-3.485779295,-1.179822554,-0.677,-6.521941146,-13.66666667,-3.017839923,-1.313137569,-0.06000003,-18.07340048,-24.57958533,6.506184851,-1.197683507,-1.00457759,6.313078934,-19.27108399,-25.58416292,1.433909246,-0.150642722,0.495723225,2.091160436,0.817446148,0.724886817,0.508745635,0.178171025,0.342708679,0.865661814,0.177987497,-0.801184866,0.047331,-0.055926219,7.579035556
3901,-6.748871781,-10.66910654,-2.021810516,0.258073695,0.237,-7.247151621,-5.37057408,-2.769527483,0.007639927,-0.6100001,-18.94471514,-15.98961336,-2.955101786,-1.389603713,NA,NA,-20.33431886,NA,0.823807238,0.256562395,-0.180007147,0.334324799,-0.474111471,-0.054386513,NA,0.111529001,-0.316214463,0.37218809,0.021602079,-0.225268207,0.770008409,0.112521454,NA
3902,-7.452301534,-7.152953586,-3.489824772,-0.519607843,-0.928,-5.573053679,-6.363867684,-2.778635676,-0.650761191,-0.73000004,-19.54268774,-16.09631827,-3.446369465,NA,NA,NA,NA,NA,0.77075489,-0.233335466,0.702031537,1.645541933,NA,NA,NA,NA,NA,NA,NA,NA,NA,-0.104473034,NA
4001,-7.753202391,-7.585585586,-1.69967964,0.085142949,-0.206,-6.722994173,-9.909033975,-2.67479427,0.156064461,-0.34,-17.15932467,-19.49075796,2.331433289,-1.926892195,-1.202784955,1.607326049,-19.08621686,-20.69354291,0.452440799,0.400474809,0.318288657,0.755078297,-0.652619435,-1.678619046,-0.060062244,-1.49343308,0.576674143,-0.881348609,NA,-0.129282097,-0.253784586,0.107254071,NA
4002,-4.850234009,-7.069144339,-4.03975884,-0.903021442,-0.609,-5.670726756,-9.441314554,-2.899167752,0.269151765,-0.68999996,-17.47115863,-18.43205726,0.960898626,NA,NA,NA,NA,NA,0.452440799,-0.154383227,0.702596765,1.792215755,NA,NA,NA,NA,NA,NA,NA,NA,NA,0.277059317,NA
4101,-2.245749614,-3.467049494,0.528268112,1.491056362,-0.379,-1.681436211,1.151320485,-0.122207022,1.078538073,-0.59000006,-4.072474634,-0.163784735,-3.908689899,-1.848798518,-0.603379622,-5.154108794,-5.921273152,-0.767164357,0.187179057,-0.547003126,-0.580235851,0.27976088,-1.277397307,NA,0.914407068,-0.391988515,0.387273529,0.46861399,NA,0.990555852,0.770008409,-0.146557801,NA
4102,-4.068356948,-5.095869229,-0.782259876,0.033037911,-1.092,-5.473933649,-2.042966983,-1.443800785,0.24387983,-0.96999993,-11.00544814,-9.686821518,-1.318626624,NA,-1.11423921,NA,NA,-10.80106073,-0.157661209,-0.597307015,-0.202993096,0.01133066,1.029474837,NA,0.130218746,0.895854362,0.620381977,0.260927436,-1.521473615,1.059468956,-1.120070967,-0.233768299,NA
4201,-4.678254942,-8.138800785,-2.413043478,-1.424700966,-0.524,-6.497933315,-8.04450875,-2.875510994,-0.516956324,-0.13000002,-17.17880017,-18.0649094,0.886109232,-1.729094156,NA,NA,-18.90789433,NA,-0.29029208,0.098057676,0.325071396,1.209996132,0.222069587,NA,NA,NA,0.235753039,-0.07137105,NA,0.273859564,-0.049025987,-0.238818471,NA
4202,-4.736677116,-7.159151194,-2.787167697,-0.760282628,-0.876,-4.846464646,-8.151327129,-3.305502846,-0.007658099,-1.03000005,-16.31927863,-17.34095277,1.021674135,-0.58633272,NA,NA,-16.90561136,NA,0.240231405,-0.541095959,0.150651379,1.471226736,-1.009635362,NA,NA,NA,0.170815685,0.08291039,NA,0.350648452,-0.107528444,0.222919301,NA
5000,NaN,NaN,NaN,NaN,NA,NaN,53,NaN,NaN,NA,NaN,NaN,NaN,NA,NA,NaN,NaN,NaN,NA,NaN,NA,NaN,NA,NA,NA,NA,NA,NA,NA,NA,NA,-0.117668645,NaN
5400,-5.346820809,-8.661945231,-3.324222618,-1.084175084,-0.546,-5.810457516,-6.167950693,-3.249602544,-2.381980214,-1.01000001,-18.96316374,-18.61999098,-0.343172765,3.451480133,NA,NA,-15.51168361,NA,0.797281064,0.115674294,0.422761679,-1.126917515,0.971803034,0.524246328,-0.824645859,0.224820442,-0.218808434,-0.61135609,NA,-0.801184866,0.770008409,-0.291318539,NA
5500,-5.866928692,-9.755421838,-2.904337493,-1.03370437,-0.805,-2.403205919,-9.927835052,-2.092649539,-1.65102661,-0.89999994,-20.36539239,-16.97471706,-3.390675333,-0.97008026,NA,NA,-21.33547265,NA,0.95643811,-0.094655952,0.480791779,0.859328143,NA,-0.168590363,NA,NA,0.292573223,0.80610464,NA,0.206669288,0.258111911,-0.252758032,NA
5600,0.789473684,-3.246677299,2.349068022,0.992308603,0.516,-5.176470588,-5.656330749,-2.296056884,0.144203375,-1.31000003,1.40017301,-14.29465488,15.69482789,NA,0.491223288,NA,NA,-13.80343159,-1.66965314,-0.473526195,-0.978250744,-1.636896881,NA,NA,NA,NA,NA,NA,NA,NA,NA,-0.22339644,NA
6000,-3.450341168,-5.978936094,-0.95517166,0.027285572,-0.262,-6.307692308,-8.47613622,-3.188993244,-0.610410856,-1.21999999,-10.61916335,-19.80323262,9.184069268,NA,-1.175359084,NA,NA,-20.9785917,1.089068981,-0.248597774,-0.186224658,1.092837462,NA,-0.45480495,NA,-0.53884779,NA,0.318618146,NA,NA,-0.595048918,-0.224265287,NA
6100,-4.140700069,-5.496988741,-1.937072503,-0.829546633,0.073,-4.700227101,-6.654889071,-3.339591766,-1.001875293,-1.6899999,-12.33130795,-17.38658313,5.055275186,-1.669633676,NA,NA,-14.00094162,NA,-0.237239731,-0.364850733,-0.554753477,1.161195144,0.909325247,-0.257415579,0.614570357,-1.49343308,1.144875983,0.46861399,0.343850818,NA,-1.277577582,-0.253507412,NA
6200,-4.701378982,-8.723930078,-0.148880791,-0.006427111,-0.008,-3.997144489,0.843858573,-0.103791409,-0.639892905,-0.80000004,-13.58861696,-4.69697027,-8.891646693,-2.274984085,NA,NA,-15.86360105,NA,0.054548185,-0.528048727,-0.641657321,-0.006516229,NA,-1.204884557,-0.584776489,NA,0.008472302,-0.656354843,NA,NA,-0.595048918,-0.228066492,NA
6300,3.885032538,-0.317945759,0.301331853,0.784018154,0.338,0.507853403,1.72705743,0.574434652,1.208678828,0.65999994,4.990436786,4.678024254,0.312412533,-1.708428432,-0.841705581,-0.554310318,3.282008354,3.836318672,-0.184187383,-0.929150212,-0.792997185,-0.924627067,-0.340230499,1.590148928,0.524619343,-1.361259733,NA,-1.421333649,0.118276701,0.81138178,0.770008409,-0.233876905,NA
6400,-3.505494505,-3.153071501,-1.009719922,-0.516084873,-0.672,-1.745901639,-3.908618276,-0.91206792,0.047579621,-0.61999997,-8.856370802,-7.139008184,-1.717362617,-1.212235558,NA,NA,-10.06860636,NA,-0.900394087,-0.856669151,-0.605294303,0.490759314,0.061412419,0.250157088,-1.826957152,-2.15429982,NA,0.37218809,NA,2.65431509,-1.862602151,-0.233659693,NA
6500,-1.5,-0.93603936,-1.832847991,1.111627307,-0.051,-2.394656154,2.94645862,-0.153433236,-0.057273769,-0.13000002,-3.208260044,0.211095441,-3.419355485,0.589744295,-0.629038252,-2.200572938,-2.618515749,-0.417942811,-0.184187383,-0.793401876,-0.718434158,0.066971732,-0.808813903,0.097885287,-1.859082514,NA,0.576674143,-1.218839259,NA,-0.801184866,-1.277577582,-0.282472592,NA
6600,-2.851409052,0.197106691,-0.969442322,0.704667493,0.442,-2.557692308,-4.577626979,0.514854857,1.868075206,-0.45000007,-2.477077191,-5.202389294,2.725312104,NA,-0.255634471,NA,NA,-5.458023765,-0.926920262,-0.845575912,-1.171370396,-0.863316339,-0.766215412,1.066887651,NA,-0.351935985,-0.094837123,0.345890118,-1.450488753,-0.068200027,-1.463721763,-0.181420279,NA
6700,-0.534255388,-3.272518834,-1.239075288,0.55704789,-0.285,-4.460358056,-4.112068966,0.212338594,-0.39491685,-0.94999989,-4.77380162,-9.705005168,4.931203549,-1.063642908,NA,NA,-5.837444528,NA,-0.608606171,-0.901846993,-0.413493517,0.007891514,NA,-1.292422452,-0.871576822,-0.775099668,0.255516581,-0.11832627,NA,NA,0.235855542,-0.253588866,NA
6900,8.033492823,-4.275362319,2.58974359,2.713737916,0.11,-4.142594296,-6.499431172,2.838421445,2.231586986,-0.08999994,9.17161201,-5.662016978,14.83362899,-1.129493217,-0.604720264,14.30885604,8.042118793,-6.266737242,-0.97997261,-1.091707433,-1.325630606,-0.834264834,NA,-0.968017313,-2.173911061,-1.361259733,-1.58249285,-1.421333649,NA,NA,-0.458543186,-0.214164943,NA
7000,-3.461960247,0.003848268,-1.990496477,0.732591496,-0.886,0.102167183,1.040918742,-2.050828098,1.50441655,0.15999982,-5.602016959,0.756674196,-6.358691156,-0.504983756,-0.333692743,-6.529982169,-6.107000716,0.422981454,-1.616600792,-0.9153111,-0.652773476,0.466078193,-2.348445089,1.316059688,-1.441452808,-1.587842615,1.144875983,-0.49564501,-0.220084476,0.350648452,-2.740139004,-0.185004272,-9.197419251
7200,0.810935105,-3.849747475,-0.306110794,0.588979223,-0.726,1.767085077,0.771317829,-1.555136968,-0.077907231,-1.0500001,-3.481943941,-0.144641393,-3.337302548,0.034200459,NA,NA,-3.447743482,NA,-0.316818254,-0.779899437,-0.689372005,0.155235624,NA,-0.886024805,NA,-1.849284402,-0.428606036,-0.050602394,0.560749008,NA,-1.120070967,-0.160893773,NA
7300,-1.183908046,-0.526570048,-1.832817337,1.222356577,0.021,-2.418693982,1.877113298,-2.266968326,0.541421644,-0.71,-2.299938855,-2.977127365,0.67718851,-2.79689957,2.006022197,-4.125733256,-5.096838425,-0.971105168,-0.502501474,-0.781640452,-0.619707624,-0.046534536,-0.965008371,NA,-0.284939778,NA,0.008472302,1.14359529,-0.78401977,-0.801184866,-1.277577582,-0.270091525,NA
7400,-5.061355764,-1.403983816,-1.174557628,1.028988473,1.271,2.672902191,1.037323037,-1.532960284,0.798641436,-0.57999989,-5.339908735,2.395906491,-7.735815226,-0.92983366,NA,NA,-6.269742395,NA,-0.369870602,-0.54763954,-0.93496368,-0.38697709,0.045661717,NA,NA,NA,-0.860542277,-0.563710351,NA,-0.801184866,0.770008409,-0.245155622,NA
7700,-5.861966236,0.008547009,-2.578293289,0.467496542,-0.112,-8.259882254,-2.331654072,-3.480339729,1.141337811,-0.06000003,-8.076215975,-12.99053827,4.9143223,1.930355926,-2.686013187,9.530691413,-6.145860049,-15.67655146,0.187179057,1.507105925,-0.626066441,-2.064824102,-0.652619435,-0.612716446,NA,NA,1.144875983,1.81857659,-3.603696239,-0.801184866,-3.325163573,1.36018546,NA
7800,-6.442647612,-5.929610239,-3.411435162,-0.33373522,0.166,-5.897752453,-3.843867727,-3.717916995,-0.324869898,0.10999987,-15.95142823,-13.6744072,-2.27702103,-1.495929362,NA,NA,-17.4473576,NA,0.425914625,1.687495181,-0.180572376,-1.374802589,0.971803034,0.311065808,0.794472384,0.621340486,-0.218808434,0.19862147,0.456637877,-0.801184866,-0.458543186,-0.163826131,3.202019575
7900,-6.742946708,-7.568748168,-3.054752697,-0.118280281,0.196,-6.416576964,-3.944444444,-3.919836704,-0.36240753,-0.24000009,-17.28872785,-14.88326573,-2.405462121,-2.186154206,-2.603020209,-1.988596117,-19.47488206,-17.48628594,0.903385761,1.851345543,0.545322004,-0.793540146,0.784369672,NA,0.119839783,-0.369959623,NA,1.6160822,1.640901994,0.005098457,0.770008409,-0.21856348,NA
8000,-1.006980803,3.017488632,-0.773200833,0.262721539,0.486,-4.470769231,3.609651382,-2.735488898,0.569596571,0.03999988,1.986028535,-2.987010295,4.973038831,0.522200101,-0.410526722,5.905765653,2.508228636,-3.397537017,-0.741237042,0.495790715,-0.055374318,0.561373054,-0.105938796,0.630836588,0.052376523,0.076125426,0.718724603,0.046750678,-0.220084476,-0.297257789,0.770008409,0.044371283,2.683426869
8200,1.055284553,-0.818565401,-1.44484811,0.671589378,-0.974,0.310535025,-3.429463171,-2.445501179,0.135507118,-1.07000014,-1.51053958,-6.498922348,4.988382768,NA,-1.033247584,NA,NA,-7.532169932,-0.210713557,-0.431782207,-0.095976548,0.653783509,0.270965246,-0.458237808,NA,NA,-0.337389687,-0.11832627,0.515483299,-0.4506269,-0.298297325,-0.281044425,NA
8301,-1.757122163,-1.222222222,-1.524037026,0.95756013,-0.367,-0.26572909,1.936936937,-1.479597244,0.846651809,0.14000008,-3.912821282,1.178262492,-5.091083774,0.782367154,0.471801244,-4.780517864,-3.130454128,1.650063737,-0.529027648,-0.609325383,-0.428472066,0.109487363,-1.589786244,-0.790366879,NA,NA,-1.696133218,-0.881348609,NA,-0.129282097,0.770008409,-0.161056682,NA
8302,-4.012419275,0.253705318,-0.616291406,1.183985713,-0.328,-3.100795756,-0.005717818,-0.196482717,0.703583454,-0.15000006,-3.51901965,-2.749412897,-0.769606753,0.232350803,NA,NA,-3.286668847,NA,-0.900394087,-0.840557209,-0.602468162,-0.262605863,-1.41127828,-0.054386513,-0.284939778,0.111529001,-0.316214463,-1.363478109,NA,-0.225268207,-0.107528444,-0.232247817,NA
8400,-3.288888889,1.319924278,-1.275773511,1.079906082,-0.86,-4.652173913,-2.516840883,-0.698193003,0.561436436,-0.26000013,-3.02483204,-7.565771492,4.540939452,NA,NA,NA,NA,NA,-0.847341739,-0.33933229,-0.163803938,-0.045938486,NA,-0.834779488,-0.116281628,NA,NA,-0.712603284,NA,NA,-1.533525831,-0.104364428,NA
8500,-3.605659241,-1.791987673,-0.220936195,1.489447018,-0.244,-1.470992694,-0.752725008,-0.77622007,2.027287541,-0.22999992,-4.373136092,-1.202650151,-3.17048594,-0.298027852,-1.054837538,-2.413676254,-4.671163944,-2.25748769,-0.369870602,-0.496630766,-0.54180033,-0.299528794,-0.946632551,-0.27831563,NA,-0.288323144,NA,-0.325481657,NA,NA,0.047331,-0.157255477,NA
9000,-4.432330827,-4.976298997,-2.677054928,0.660236196,1.51,-6.155785391,0.828587863,-1.48733362,-0.055212415,0.39999971,-9.915448556,-6.469743853,-3.445704704,NA,NA,NA,NA,NA,NA,2.641793245,-1.03180612,-2.248778249,NA,NA,NA,NA,NA,NA,NA,NA,NA,-0.005587408,NA
9100,-5.099173554,-6.066358025,-2.292174527,1.80003649,1.296,-7.440111421,-5.89387145,-2.744449846,2.17697633,1.2500001,-10.36166962,-12.65145629,2.28978667,-0.567898487,NA,NA,-10.9295681,NA,0.213705231,0.622842029,-1.096524755,-2.094711519,0.222069587,-0.328475753,0.794472384,-0.568219645,-1.58249285,-0.61135609,-0.220084476,-0.801184866,0.770008409,0.878681424,-4.697966288
9200,-4.215171408,-1.148288175,-0.202737699,1.900070813,0.463,-3.888375674,-1.594330401,-1.078909613,2.290338596,-0.27,-3.203126468,-4.541277091,1.338150623,-2.110914613,-0.895165109,0.122401119,-5.314041081,-5.4364422,-0.237239731,-0.298296886,-0.999964929,-1.466270291,NA,0.097885287,NA,-0.667349656,-1.412032298,0.299868665,NA,NA,0.770008409,-0.225677163,NA
9300,-2.630573248,5.886247878,-1.997834717,1.291136149,-0.195,-4.105204873,4.639106469,-1.206508135,1.155866691,-0.1700001,2.353976061,0.313260052,2.040716009,-0.29695842,-0.307892948,2.051650537,2.057017642,0.005367104,-0.820815565,-0.85426002,-0.746271649,0.154735832,-0.652619435,0.690053399,-1.784123336,NA,NA,-0.656354843,NA,-0.353249687,0.087479745,-0.25960563,NA
9400,-3.565756824,-6.425717853,1.100749587,2.492479639,0.887,0.5625,7.922374429,0.196990424,2.174499215,-0.34,-5.511245451,10.51636407,-16.02760952,NA,-0.46564425,NA,NA,10.05071982,-0.555553822,-0.849934779,-1.176316143,-0.853637142,-1.90217518,-0.612716446,-0.734694845,0.489167138,-1.696133218,-0.881348609,-1.911890357,-0.801184866,-0.253784586,-0.243868643,-12.10762081
9500,-6.650793651,2.113369197,-0.092792046,1.27706443,0.297,-1.493573265,5.076810687,-0.384728822,1.223612133,-0.38999995,-3.056152071,4.032120783,-7.088272854,-1.107397361,-1.395505771,-6.800164444,-4.163549432,2.636615012,-1.112603481,-0.589109295,-0.957808322,-0.226195791,-0.652619435,-1.145667746,-0.509817312,NA,-0.559729538,0.13112334,-1.911890357,-0.129282097,0.770008409,-0.243488522,NA
9600,-4.241157556,0.139479905,-0.060319043,0.545065297,-0.07,-0.081409478,5.506679239,-1.832349469,1.227061641,-0.73000004,-3.686931397,4.089981895,-7.776913292,NA,-1.136365365,NA,NA,2.95361653,-0.608606171,-0.953943976,-0.740007036,-0.354312146,NA,NA,NA,NA,NA,NA,NA,NA,NA,-0.251145235,NA
10000,-4.848690592,-2.171208945,-1.361562372,-0.944484685,-0.502,-5.195320448,-8.34946828,-2.542297946,-0.300959233,-1.03999993,-9.827946593,-17.42804584,7.600099243,NA,0.977578958,NA,NA,-16.45046688,0.797281064,-0.580866106,-0.128335865,0.153640717,1.221714183,0.097885287,-0.284939778,-0.171699602,0.008472302,0.13112334,-0.502052123,-0.129282097,-0.253784586,-0.130918559,0.154423864
10100,-2.838484546,-5.390638195,-1.784642055,0.354933805,-0.56,-2.228680526,0.570364761,-1.107967238,1.747457302,0.3700001,-10.21883099,-0.648825601,-9.570005391,NA,-1.918851795,NA,NA,-2.567677396,-0.237239731,-0.548246178,-0.011663334,0.320219659,NA,0.434486109,-8.84E-04,NA,-1.367174258,-0.526095294,0.848424502,0.471894065,-0.523203796,-0.258470699,NA
10200,-4.393939394,-3.979304271,-0.324454816,1.618071457,0.233,0.202566453,1.767123288,-1.462330513,1.340017734,-0.57999989,-6.846627024,1.267377072,-8.114004096,-0.184302183,0.929650791,-9.22795707,-7.030929207,2.197027863,-1.324812875,-0.658791077,-1.089647811,-0.50956516,0.222069587,1.803329448,-0.284939778,0.224820442,-2.946177267,-1.421333649,-0.896806828,-0.801184866,0.770008409,-0.204010296,-5.088891832
10300,-3.543297746,3.542888165,0.067226891,1.184936781,-0.082,-1.107795958,6.127474268,-0.176926585,1.037214957,0.05000005,1.169754091,5.929966733,-4.760212642,-1.610179633,NA,NA,-0.440425543,NA,-0.926920262,-0.955653176,-0.934445554,-0.857206972,-0.340230499,0.097885287,-0.959572379,-1.162999711,-0.559729538,-1.218839259,0.625818465,1.214523441,-2.301370577,-0.260925191,-9.604780348
10400,0.117421335,-5.13134452,0.46432208,1.33686067,-0.304,3.132841328,2.683944374,-0.796898702,1.247768544,-0.73999991,-3.516740434,5.527655635,-9.044396069,-0.604741439,0.318585462,-9.96772297,-4.121481873,5.846241097,-0.582079996,-0.755677797,-1.109148186,-0.069143632,NA,-0.483516131,-0.77558167,-1.793827053,-0.714693676,-0.022281501,-0.220084476,-0.801184866,0.770008409,-0.094589902,NA
10500,-2.236245955,-4.952069717,-0.591358667,1.311400786,0.809,3.212065814,0.783029485,-0.577965949,2.284900285,0.24999986,-5.659273553,5.952029494,-11.61130305,-0.893084908,-2.436085631,-10.06830232,-6.55235846,3.515943863,0.160652882,-0.652905655,-1.015932627,-1.286849524,-0.936609377,-0.095915185,-1.266223561,-0.712408752,-1.334550229,-1.494967973,0.395117663,-0.801184866,-2.580586849,-0.076941451,-12.50762944
10600,-1.485768501,3.930232558,-0.419713831,1.555555556,0.951,2.474747475,3.624399616,-1.373608903,2.424441319,0.07000009,4.531305781,7.219979596,-2.688673815,NA,NA,NA,NA,NA,-0.900394087,-1.00086645,-1.240752163,-1.070759005,NA,NA,NA,NA,NA,NA,NA,NA,NA,-0.214219246,NA
10700,-1.785714286,5.204089289,-0.236715834,2.581300607,0.411,-3.883427851,6.482309125,0.083009079,1.881863708,-0.36999991,6.173959776,4.193754151,1.980205625,-1.815225023,-1.36271617,1.527696772,4.358734753,2.831037981,-2.438912193,-0.888520657,-1.061669013,-1.325509188,1.377908651,-0.612716446,-1.63420498,NA,-1.127931378,-0.881348609,-1.62992271,-0.801184866,-0.253784586,-0.228555218,NA
10800,-3.306569343,3.555555556,0.583459952,0.673617899,0.015,-1.209197475,7.019047619,1.22237282,1.574548908,-0.17999997,1.521064064,8.426771902,-6.905707838,-2.003653074,1.177188089,-10.086549,-0.48258901,9.603959991,-0.97997261,-0.594323957,-0.914803872,-0.524771505,-1.043105605,-0.701541663,0.052376523,0.323950453,-0.559729538,-0.712603284,0.202866995,-0.801184866,-0.765681084,-0.271840079,-7.667955304
10900,-4.689320388,-1.043048284,1.399243511,1.561100714,0.68,0.118387909,-3.509298999,0.769739681,1.073212748,1.80000017,-2.092024447,0.252041509,-2.344065956,NA,NA,NA,NA,NA,-0.131135034,-0.357573367,-0.874013234,-1.357799477,NA,NA,NA,NA,NA,NA,NA,NA,NA,-0.175609866,NA
11000,-2.612950699,6.673403914,-0.472049689,1.934755332,0.499,-2.34384858,7.025386889,-1.39012044,1.045609408,0.1,6.022158858,4.437027277,1.585131581,-1.881923151,NA,NA,4.140235707,NA,-0.688184693,-0.919646275,-1.091437701,-0.965126121,-0.474111471,0.097885287,-0.670444121,-0.454928204,0.170815685,-1.074200409,-0.220084476,-0.801184866,-0.985065297,-0.241696526,-8.674452105
11100,-3.11420205,4.851851852,-0.548751007,0.727011494,0.332,-2.501618123,2.754768392,1.233401108,1.104049283,-0.34999987,2.247910289,2.24060079,0.007309499,-0.689478931,-0.765038071,0.082868639,1.558431358,1.475562719,-1.112603481,-0.432972098,-0.874908178,0.156021406,0.128352906,NA,-0.734694845,0.489167138,0.008472302,-0.54385796,NA,-0.129282097,-0.253784586,-0.067166925,NA
11200,-4.566551212,-0.585196608,-0.850505154,-0.130460711,-0.031,-3.93877551,-3.670665067,-0.783481247,0.549995607,-0.38000008,-6.163713685,-8.222926297,2.059212612,0.368516459,NA,NA,-5.795197226,NA,-0.767763216,-0.727139208,-0.707977435,0.476208913,NA,NA,NA,0.111529001,NA,-0.784922709,0.021602079,-0.801184866,-0.107528444,-0.222799108,NA
11300,-4.118306351,-2.053763441,-0.357177774,0.315701092,-0.132,-5.946564885,-2.868884068,-2.476085761,-1.811541535,-1.33000007,-6.345546475,-14.43307632,8.087529845,-0.284448989,1.136268516,6.666812341,-6.629995463,-13.2968078,0.558545496,-0.893891339,-0.278827887,0.597501553,NA,1.376968408,-0.284939778,0.224820442,0.463033775,0.19862147,-0.220084476,NA,-1.68709478,-0.16306589,NA
11400,-5.814814815,-7.446974489,-2.76566768,-0.816173972,-0.065,-4.915697674,-7.66996156,-0.235146783,0.057723751,-0.03000011,-16.90863096,-12.79308238,-4.115548579,-0.859133984,NA,NA,-17.76776494,NA,1.513487769,0.102115508,0.227569523,0.652684197,0.655509236,0.031266375,-0.369268853,NA,0.292573223,0.046750678,NA,-0.045294251,0.002163662,-0.205965201,NA
11500,-3.769354192,-8.694290976,-3.033463807,-1.36020852,-1.097,-4.208243881,-9.109898526,-3.341353052,-1.104739148,-1.68000003,-17.9543175,-19.44423464,1.489917141,0.441278267,-1.015728629,2.946924037,-17.51303923,-20.45996327,0.95643811,-0.032029058,0.425446513,1.290230271,0.479790459,0.097885287,-0.284939778,0.076125426,-0.133578158,-0.459485297,0.625818465,NA,0.770008409,-0.24994514,NA
11700,-3.527845036,-6.279279279,-2.063348416,-2.06371138,0.056,-5.410624551,-3.651017214,-3.912341407,-1.638287638,-0.71,-13.87818411,-15.32227081,1.4440867,NA,-1.857915826,NA,NA,-17.18018664,NA,0.778033475,0.739053987,1.753759703,NA,NA,NA,NA,NA,NA,NA,NA,NA,0.01108359,NA
11800,-6.360482655,-8.825557809,-1.68788171,-0.963626846,-0.275,-5.552147239,-7.397620084,-2.636371287,-0.941726925,-0.38999995,-18.11254902,-16.91786548,-1.194683536,-0.723774248,-0.592028293,-1.326429491,-18.83632327,-17.50989378,-0.316818254,-0.398674765,-0.182220958,1.214131519,NA,NA,-0.284939778,-0.085499592,NA,0.233837886,NA,-0.4506269,-1.36660306,-0.273175931,NA
11900,-4.488877393,-1.776739356,-1.229618163,0.193485753,0.552,-3.069069069,-1.973173752,-1.922403004,-0.335135684,-0.89999994,-6.749749159,-8.199781448,1.45003229,-1.37730511,NA,NA,-8.127054268,NA,-0.608606171,-0.346721833,-0.663512813,0.214523891,-1.812921198,NA,-0.092187606,-0.738156807,-0.316214463,-0.49564501,-1.186830694,-0.801184866,0.770008409,-0.250200364,NA
12000,-4.039817975,-5.169075777,-3.534574959,-1.018774198,-0.773,-5.837029894,-10.87176326,-3.837104072,-1.094278907,-0.17999997,-14.53524291,-21.8201761,7.284933189,NA,-2.279495368,NA,NA,-24.09967147,0.266757579,0.759230893,0.613102292,-0.239950348,NA,NA,NA,NA,NA,NA,NA,NA,NA,-0.203955993,NA
12100,-5.576131687,-8.805086653,-1.381263617,-0.351706037,-0.045,-7.350515464,-8.437908497,-3.315258882,-0.814665321,-1.03999993,-16.15918799,-20.95834809,4.7991601,NA,-0.555741283,NA,NA,-21.51408938,-0.29029208,0.154162379,-0.212978795,-1.01667969,NA,NA,NA,NA,NA,NA,NA,NA,NA,-0.115659437,NA
12500,-7.597560976,-6.446817165,-4.235294118,-0.184269415,0.768,-6.476099426,-2.290819902,-4.085425253,0.817239234,0.33000002,-17.69594167,-11.70510533,-5.990836346,NA,NA,NA,NA,NA,1.327804549,2.605061787,1.445165378,-2.004166867,NA,NA,NA,NA,NA,NA,NA,NA,NA,1.540688383,NA
13100,-2.946731235,-1.935275081,-1.5681403,-0.143486143,0.597,3.665474061,1.536209553,-2.690433749,2.336825766,-0.20999988,-5.996632759,4.638075751,-10.63470851,0.334971616,NA,NA,-5.661661143,NA,-0.29029208,0.693908066,-0.17025696,-1.128594874,-1.277397307,0.950607368,-0.284939778,0.224820442,-1.58249285,1.00859903,-1.573529181,-0.801184866,0.770008409,-0.228609521,-2.513926294
13200,-1.228571429,-3.785917093,-1.064664164,1.580407247,0.289,2.016200295,-3.215846995,-1.041551247,1.297906602,0.62999973,-4.209745438,-0.313291614,-3.896453823,-1.757024711,NA,NA,-5.966770149,NA,-0.847341739,-0.146246827,-1.062328446,-2.047930041,0.59693631,NA,NA,NA,0.008472302,-0.881348609,NA,-0.801184866,0.770008409,-0.111858232,NA
13300,-6.337593184,-0.302961276,-0.985994398,-0.315078946,-0.103,-2.755598209,-2.791270422,-1.874483573,0.067914068,0.23999999,-8.044627803,-7.113438145,-0.931189658,-1.391916206,-4.269600462,1.946494597,-9.43654401,-11.38303861,NA,1.766868034,0.695766924,-1.764645012,-2.080683144,-1.424832713,0.100564566,NA,-0.803244612,-1.074200409,0.746661742,NA,0.770008409,1.528415922,NA
13500,-8.086993971,-7.496794872,-3.000324992,-1.036211423,-0.038,-2.59246172,-5.712850118,-2.2820804,-0.323488045,-0.47000011,-19.65832526,-11.38088039,-8.277444866,-1.353738726,-1.796868747,-7.834314845,-21.01206398,-13.17774914,-0.316818254,1.481297247,0.99802273,-0.005126714,-1.069138017,1.755955999,0.314733645,-1.273144167,0.387273529,0.918601523,1.659699837,-0.801184866,0.770008409,-0.181528885,5.121463849
13700,-5.675799087,3.527577938,-1.297032589,0.183607166,0.564,-0.908831909,8.154432411,1.213622291,1.212285456,1.66000018,-2.697646572,11.33150843,-14.029155,-2.174364757,NA,NA,-4.872011329,NA,-0.29029208,0.262124868,-0.284762783,-0.353496239,0.180417729,1.28222151,-0.884613201,NA,-0.370328924,-0.431361076,0.53182925,-0.801184866,0.770008409,-0.231324667,NA
13800,-4.037220844,3.15015015,-0.813533256,1.218017395,-0.103,2.052631579,12.59079284,0.582300576,0.989063137,0.92000017,-0.585586555,17.1347883,-17.72037486,NA,NA,NA,NA,NA,-1.16565583,-0.250269966,-0.709249199,-0.365532778,NA,NA,NA,NA,NA,NA,NA,NA,NA,-0.229912791,NA
13900,-5.206896552,-4.700101317,-0.099821747,1.440942375,1.192,-0.25,-1.691689008,2.316188954,1.473878181,0.18000016,-7.373877241,2.028378288,-9.402255528,NA,-2.178549521,NA,NA,-0.150171234,-2.810278633,-0.415010507,-1.276220236,-1.99415002,NA,NA,NA,NA,NA,NA,NA,NA,NA,-0.105613396,NA
14000,-4.994930292,0.689161554,-0.256416554,0.221754456,0.013,-1.873134328,8.49726776,0.3599182,2.05077692,-0.01000007,-4.327430835,9.024828482,-13.35225932,0.270679675,NA,NA,-4.05675116,NA,-0.873867913,0.224095734,-0.368181052,-1.402164345,-1.009635362,0.706972488,-1.441452808,-2.15429982,0.170815685,-0.49564501,-2.153576912,1.502481771,-2.740139004,-0.116691192,-11.59861507
14100,-2.698113208,-8.101347393,-1.893774986,1.723661056,1.098,-1.757660167,-10.43825666,-0.009727922,1.445286775,0.61999986,-9.87157453,-10.14035811,0.268783582,0.576568001,0.092479118,0.752872465,-9.295006529,-10.04787899,-1.218708178,-0.339313307,-0.959598211,-1.299953787,-1.277397307,NA,NA,NA,0.463033775,-1.826322429,NA,-0.801184866,0.770008409,-0.056034825,NA
14200,-8.499417928,-8.780104712,-3.264608814,-2.024295086,-0.668,-6.248995984,-3.666666667,-3.439373212,-1.259585937,-0.29000005,-23.23642654,-14.90462185,-8.33180469,-1.865845974,NA,NA,-25.10227251,NA,-0.157661209,2.053310406,2.210578634,-0.726504761,-0.652619435,0.275535721,1.064325424,0.489167138,0.576674143,1.48108594,NA,-0.129282097,0.770008409,0.271248904,NA
14300,-5.842961758,-3.68202765,-3.234042553,-1.541418158,-0.543,-5.74796748,-4.118055556,-4.235294118,-0.885181241,-1.33000007,-14.84345012,-16.31649846,1.473048346,NA,NA,NA,NA,NA,0.001495837,1.525222419,1.675401686,0.683866493,NA,NA,NA,NA,NA,NA,NA,NA,NA,-0.072434308,NA
14400,-6.120280948,-3.287878788,-0.847870183,-0.55973898,-0.049,-5.75502008,-1.840319361,-1.265188042,0.015026329,1.15000019,-10.8647689,-7.695500965,-3.169267934,0.164050835,NA,NA,-10.70071806,NA,-0.157661209,1.011299933,0.731234996,-0.329873964,0.59693631,1.696739188,-1.63420498,-3.145599929,-2.264335059,-0.20636731,NA,3.230231749,0.770008409,-0.064614687,NA
14500,-2.669565217,-7.239808153,0.53418124,0.087044243,0.82,-4.490605428,-3.125751271,1.838182204,2.234567901,-0.01999995,-8.468147888,-3.563606544,-4.904541344,NA,4.840497665,NA,NA,1.276891121,-1.033024958,-0.406336209,-1.115601208,-0.858782686,NA,NA,NA,NA,NA,NA,NA,NA,NA,-0.050821744,NA
14600,-6.067209776,-9.95620438,-2.728702781,0.852084789,-0.191,0.013452915,-1.752851711,-2.203638082,0.721345952,0.1,-18.09103215,-3.121690926,-14.96934122,-1.453416985,0.341698445,-16.76445665,-19.54444913,-2.779992481,0.797281064,-0.302509356,-0.467661224,-0.291354045,0.085754415,2.035890015,0.941664951,1.450427849,1.144875983,1.450404972,0.395117663,-0.801184866,-0.346856677,-0.159210383,9.418958226
14700,-5.700706991,5.233676976,0.979557781,0.884377833,1.295,0.85,7.277286136,0.653934301,2.752953671,1.1799998,2.691905598,12.71417391,-10.02226831,NA,-0.376955281,NA,NA,12.33721863,-1.510496095,-0.325627516,-1.387664406,-1.809913855,NA,NA,NA,NA,NA,NA,NA,NA,NA,0.050561817,NA
14800,-5.526946108,-2.959209688,1.4291939,2.343866803,0.175,-9,13.46681255,-0.478497281,1.826268035,0.1,-4.538095093,5.914583299,-10.45267839,-2.114344994,NA,NA,-6.652440087,NA,-0.502501474,-1.249795142,-1.204530453,-1.428394796,-1.745980712,0.630836588,0.389692823,-0.171699602,1.144875983,-2.231311209,-0.220084476,-0.801184866,0.770008409,-0.273577773,-6.434509714
14900,-2.904418395,2.841269841,-1.17229377,2.597982652,0.587,1.981697171,11.48997494,-0.253393665,1.320265582,0.00999997,1.949540329,14.548544,-12.59900367,0.196497098,NA,NA,2.146037427,NA,-1.006498784,-0.811533501,-1.196287541,-1.25040168,-1.277397307,0.097885287,-0.530260724,0.008536782,-0.094837123,-0.390453119,-0.835286614,-0.801184866,0.770008409,-0.258074288,-7.469363
15200,-1.663551402,1.504003371,2.143654329,0.344406763,0.181,-0.93871538,2.280723387,2.088569772,2.299235744,1.43000016,2.509513061,7.159813682,-4.650300621,NA,-1.910928881,NA,NA,5.248884801,-1.483969921,-0.791364882,-1.026153838,-1.00166451,0.805195601,0.097885287,-0.584776489,-0.391988515,NA,-1.331336143,-0.032106044,-0.801184866,-0.595048918,-0.177184651,NA
15300,-2.576992211,9.141334829,1.838354854,1.375356787,0.74,-2.787981094,10.10925807,1.245989305,2.547986923,1.93000028,10.51805426,13.04525349,-2.527199226,-3.312478833,NA,NA,7.205575425,NA,-1.934914883,-0.617175546,-1.424733959,-1.982105993,NA,NA,-0.284939778,NA,-0.218808434,0.19862147,NA,NA,0.770008409,-0.226111586,NA
15600,-3.013605442,-2.414908579,1.363772705,0.795301097,0.803,2.428571429,11.03156917,2.116752404,2.87934433,0.10999987,-2.46644022,18.56623721,-21.03267743,NA,NA,NA,NA,NA,-0.502501474,-0.516383024,-0.953710417,-0.68305239,NA,NA,NA,NA,NA,NA,NA,NA,NA,-0.1391183,NA
15700,-4.804195804,1.413391557,-2.301688992,-0.864504256,-0.529,0.102296451,-1.320987654,-0.002489885,1.021777407,-0.06000003,-7.085997495,-0.259403711,-6.826593784,NA,-2.942466825,NA,NA,-3.201870537,0.929911935,0.374122338,-0.099980248,0.173511663,NA,NA,NA,NA,NA,NA,NA,NA,NA,-0.086661675,NA
15800,-5.87628866,-8.311362856,-3.005809035,-1.508801577,-0.783,-5.73210893,-7.091121783,-2.962451132,-0.674574931,-1.01000001,-19.48526213,-17.47025679,-2.015005343,-1.961286911,-0.70093316,-3.275359094,-21.44654904,-18.17118995,-0.608606171,1.09012469,1.034338645,0.620482439,-0.285103039,-1.030717466,NA,-0.754817313,0.342708679,0.150975731,NA,-0.801184866,0.770008409,-0.16083947,NA
16000,-4.572289157,-4.053964167,-3.731369319,-1.700019884,-0.803,-3.927016033,-5.531873793,-3.197909863,-0.399863615,-1.47999992,-14.86064253,-14.53666322,-0.323979303,NA,-1.15021283,NA,NA,-15.68687605,-0.900394087,0.632228619,0.48281718,0.865244728,0.202339759,NA,NA,NA,0.427147343,-0.099791315,NA,-0.801184866,0.770008409,-0.154431725,NA
16100,-3.003569304,-6.539144125,-1.042735043,-0.755220089,-0.054,-2.449043169,-1.550961684,-0.44666002,-0.218523957,-0.41999986,-11.39466856,-5.08518869,-6.30947987,0.822197025,NA,NA,-10.57247154,NA,-1.483969921,0.121038729,0.665433007,0.229710968,3.304307091,-1.797052668,-1.184449913,-0.391988515,NA,-1.331336143,NA,1.886426211,0.770008409,-0.142865202,NA
16200,-3.450373533,-7.164271047,0.095990635,0.806757446,0.75,-8.469964664,-0.092965712,0.570713392,1.478775292,-0.19000014,-8.961896498,-6.703441833,-2.258454665,2.41513135,-1.702153264,1.858829949,-6.546765149,-8.405595097,-0.97997261,-0.37929441,-0.893607813,-0.475009549,-0.027841562,-0.612716446,-1.184449913,0.489167138,1.144875983,0.46861399,-0.220084476,1.886426211,0.770008409,-0.037843345,-0.175277702
16300,-3.61393597,-6.066564652,1.717717718,1.21109587,0.601,-5.321243523,3.069735007,3.281708627,0.701168517,-0.0699999,-6.150687034,1.661368727,-7.812055762,-1.108602523,-0.857887371,-8.062770914,-7.259289557,0.803481356,NA,-1.009244677,-1.326195834,-1.094371626,-0.741873417,-0.206658313,-1.826957152,-2.720757025,NA,-1.652755809,1.230034852,3.806148409,-0.985065297,0.159982211,NA
16400,-0.983122363,-3.227009984,0.890651392,1.26034261,1.226,-0.93220339,0.382297552,0.952184383,1.980912653,-0.08999994,-0.833138346,2.293191258,-3.126329604,0.032302159,0.418765534,-3.512792978,-0.800836187,2.711956792,-0.873867913,-1.051922285,-1.31851815,-1.236880497,-0.84485878,-0.394069759,NA,-0.934238147,-3.051076068,-1.919781378,0.30047118,1.059468956,-0.175031279,-0.210689556,NA
16500,0.456521739,-1.717450834,2.383649756,1.892362951,2.195,2.196054254,1.269853124,2.300653595,2.463387392,0.42000005,5.210083613,8.649948415,-3.439864803,3.299930019,NA,NA,8.510013632,NA,-0.316818254,-1.092032543,-1.515641502,-1.30993192,-0.340230499,-0.968017313,NA,-0.171699602,-3.400738739,-2.231311209,-0.220084476,-0.801184866,0.770008409,-0.259567618,NA
16600,-1.884371029,-6.05511811,-0.943614752,1.337578811,0.967,-6.413394919,10.28753853,0.470588235,1.213675214,-0.40000012,-6.57852508,5.158406939,-11.73693202,-2.355670623,1.34000644,-15.43260908,-8.934195703,6.498413379,-1.616600792,-1.081899823,-1.427089076,-1.393523645,0.59693631,-2.033919913,-1.63420498,-1.162999711,-2.264335059,-0.20636731,-1.911890357,-0.801184866,0.770008409,-0.082208835,-17.44619927
16800,-2.497536946,-0.393970019,0.356187679,1.169880624,0.748,2.794871795,2.643112063,-0.44110823,1.556298898,-0.52000006,-0.617438661,6.033174466,-6.650613127,NA,0.586560327,NA,NA,6.619734793,-2.094071928,-0.807496951,-1.230860669,-0.238290763,NA,NA,NA,NA,-0.370328924,-0.881348609,NA,-0.801184866,-0.595048918,-0.233768299,NA
16901,1.296359018,3.990379174,-1.007808433,0.95659267,0.415,-3.342507645,7.189737911,-2.299122159,1.281303565,-0.10999998,5.650522429,2.719411691,2.931110738,-1.575060123,-1.368811418,2.724862033,4.075462306,1.350600273,-2.465438367,-0.816325425,-0.90175652,0.092785738,NA,-2.033919913,-0.670444121,-1.021385409,NA,-0.49564501,NA,NA,-0.985065297,-0.217151604,NA
16902,-6.20861173,9.45342312,0.815394889,1.275415722,-0.166,0.55545577,2.970667605,-0.650340823,1.660850934,-0.13999989,5.169622001,4.396633596,0.772988405,-1.265521559,-0.816487448,0.323954294,3.904100441,3.580146148,-1.563548443,-1.005188066,-1.07801353,-0.743574731,NA,0.524246328,-1.094498899,0.224820442,0.463033775,-0.61135609,0.456637877,NA,0.770008409,-0.244482266,NA
17000,-6.124183007,-8.491841492,-1.1317214,-0.262421936,0.981,-2.072100313,-0.838227718,1.081059228,0.698670796,-0.03999999,-15.02916784,-1.170597997,-13.85856984,-1.390402553,-0.487505649,-14.76146674,-16.41957039,-1.658103646,-0.369870602,0.402382293,-0.126734385,-1.490435146,0.59693631,3.508773608,-0.824645859,1.017860529,1.144875983,-0.61135609,-0.896806828,-0.801184866,-1.68709478,-0.113650228,4.275684076
17100,-5.896551724,-3.49122807,-2.611658238,-0.09704965,0.021,2.869594145,-8.077625571,-0.499288674,1.74533487,-0.20999988,-12.07548768,-4.17198511,-7.903502572,NA,-0.257582096,NA,NA,-4.429567206,-0.608606171,-0.850857734,-0.663230199,0.759670613,NA,0.097885287,-0.464841805,NA,NA,-0.881348609,NA,NA,-0.049025987,-0.215739728,NA
17300,-7.317948718,0.535622518,-0.724482678,0.836730221,1.148,-1.163009404,0.38330976,-2.10123119,1.199299168,0.10999987,-5.522078657,-1.571631797,-3.95044686,-0.783114952,-0.673144795,-4.060417016,-6.305193609,-2.244776592,-1.112603481,-0.602533995,-1.064919075,-0.114809184,-1.277397307,-0.612716446,0.014896934,-0.832566341,1.144875983,-1.781323676,NA,NA,-0.595048918,-0.125108146,NA
17400,2.705963939,1.432267884,0.149451907,1.236328893,0.125,-2.390875462,7.695062924,0.201395813,1.529564652,0.2700002,5.649012623,7.305148126,-1.656135503,NA,NA,NA,NA,NA,-1.749231663,-1.093896216,-0.968123737,-0.403184665,NA,NA,NA,NA,NA,NA,NA,NA,NA,-0.141236114,NA
17500,1.410714286,-4.679505468,1.844453218,0.718179818,0.607,5.194407457,-4.89273488,4.289522059,2.827486796,-0.45999994,-0.099158147,6.958681491,-7.057839638,NA,NA,NA,NA,NA,-1.112603481,-1.212469615,-1.23769051,-0.626020973,NA,NA,-1.296888679,NA,NA,-0.965721272,NA,NA,-1.533525831,-0.218291965,NA
17601,-1.109589041,-6.184568172,2.530574285,1.318869165,0.915,0.317803661,-4.46904647,2.191523433,2.167306175,-0.1700001,-2.529713763,0.037586698,-2.567300461,-0.498861993,-0.569508806,-2.496653648,-3.028575755,-0.531922108,-0.529027648,-1.140875262,-1.355116679,-0.099735491,1.638232765,-2.033919913,0.014896934,-2.15429982,-2.643136286,-2.231311209,0.155872387,2.78229657,-1.960106246,-0.006619163,-13.75106879
17602,-2.146148308,-8.009278117,1.892156863,0.910946813,-0.073,1.374193548,4.298026999,0.262017272,1.113048355,-0.94000002,-7.42532275,6.107286154,-13.5326089,1.041972538,NA,NA,-6.383350212,NA,-0.555553822,-1.121313976,-1.105568407,-0.492646086,2.158880992,NA,-1.184449913,1.150033877,-1.127931378,-2.231311209,-1.911890357,3.230231749,0.770008409,-0.16045935,NA
17800,0.350902879,-0.194611178,2.021834773,1.67882212,-0.276,-1.941176471,2.043222267,1.983030579,1.902500791,-0.13999989,3.580948594,3.847577277,-0.266628683,NA,-0.99495162,NA,NA,2.852625656,-1.802284011,-0.993327163,-1.182674961,-0.804916384,3.252242269,-0.612716446,NA,-1.162999711,0.008472302,-0.54385796,NA,NA,-0.253784586,-0.094155478,NA
17900,1.56402439,-5.872305141,-1.665466806,-0.20924062,-1.115,-0.865168539,1.882568062,-0.865553215,0.275868723,-0.27,-7.297988177,0.15771503,-7.455703207,-0.857966446,-0.643733896,-7.669935757,-8.155954623,-0.486018866,-0.661658519,-0.731208514,-0.460925588,-0.571283359,1.117584537,-1.204884557,0.014896934,-0.171699602,-0.749130151,-0.431361076,-1.159976632,0.094685493,-2.642634909,-0.202544117,-9.13672422
18300,-5.528373867,-5.358418623,-3.895815042,-2.31338696,-1.092,-1.624947501,-12.66358025,-3.020944742,-0.90482888,-0.89999994,-18.18799449,-19.11430131,0.926306816,-1.20642662,-0.82927215,0.549152347,-19.39442111,-19.94357346,-0.582079996,-0.418449788,1.116814867,1.780531306,1.768394821,1.430263538,0.052376523,1.315250562,0.292573223,0.299868665,-0.643035946,-0.801184866,0.770008409,-0.200534909,8.926310508
18400,-7.811881188,-9.288786482,-2.977285964,-0.816939891,-0.561,-2.737596472,-1.650741947,-2.792878071,-1.813090252,-0.85999986,-21.45589353,-9.854306602,-11.60158692,NA,0.635626956,NA,NA,-9.218679646,-0.661658519,-0.577945125,0.460490665,1.583604295,NA,NA,NA,NA,NA,NA,NA,NA,NA,-0.269874314,NA
18800,0.011213048,-2.041921595,1.191745612,0.273225442,-0.35,-1.637700992,-5.008956252,1.829641978,1.306238088,0.22000024,-0.915737493,-3.290776938,2.375039445,-0.897902688,NA,NA,-1.813640182,NA,-0.661658519,-1.118981437,-0.812026536,0.305952378,1.846492055,-0.968017313,NA,NA,NA,-2.006317443,-0.78401977,1.438491031,0.087479745,-0.174143687,NA
19000,-2.114482759,-10.21635354,-0.702586917,-0.659257536,-0.048,-0.435736677,-9.016739737,-1.405075097,-0.128050531,-0.96000006,-13.74068075,-11.9456021,-1.795078648,-1.042801367,-0.905067102,-1.932812913,-14.78348212,-12.8506692,-0.502501474,-0.65278294,-0.307748732,-0.690657726,-0.236100853,-0.84958369,0.014896934,NA,-2.643136286,-1.331336143,NA,0.990555852,-0.595048918,-0.164314858,NA
19100,-3.639545319,-10.43063299,-0.479929311,-1.570405634,-0.937,-6.127692788,-7.415208771,-0.986059959,-1.175971034,-0.45999994,-17.05751326,-16.16493249,-0.892580766,0.03323308,-2.53645796,1.677110274,-17.02428018,-18.70139045,0.028022011,-0.873027019,-0.435443214,1.020793726,-0.027841562,-0.896957139,-1.184449913,NA,-1.127931378,-0.881348609,-0.671232711,3.498992857,0.770008409,-0.168604789,NA
19200,0.627118644,-0.906708965,1.902517116,-0.392153116,-0.438,0.373219373,-6.594843462,2.082922085,1.198536601,0.02000014,0.792773679,-2.920165263,3.712938942,0.721228669,-2.428651985,6.862819596,1.514002347,-5.348817248,-0.926920262,-1.157251976,-0.78550791,-0.205106617,NA,-1.281518078,-1.078625191,NA,-1.261625929,-1.516625127,NA,NA,-1.398023817,-0.228283703,NA
19700,2.635194857,-8.495690853,0.541981544,0.71289791,1.119,-1.493457944,-9.776156732,-0.129865596,0.580547842,-0.34999987,-3.486616542,-11.1689323,7.682315758,-1.030317511,NA,NA,-4.516934054,NA,-0.422922951,-0.788137071,-1.100292943,-0.336833132,-0.236100853,-0.968017313,0.014896934,-0.171699602,-1.506732605,-1.556329909,NA,1.886426211,0.087479745,-0.181365976,NA
19800,-0.328671329,-6.701492537,0.402714932,0.363542836,0.289,-1.481343284,-1.579792257,0.625748797,0.997982056,-0.22000005,-5.974906098,-1.657404738,-4.31750136,NA,-0.370397199,NA,NA,-2.027801936,-0.502501474,-1.153937953,-0.899260096,-0.135508435,0.864698256,-0.815745513,NA,NA,-1.77730491,-1.652755809,0.263288633,2.65431509,0.770008409,-0.21280737,NA
19900,9.179310345,3.082462892,2.962459356,0.452324665,0.122,2.282051282,-3.404088996,0.524651819,1.710552402,0.00999997,15.79855726,1.123166477,14.67539078,-0.539985111,-1.146878346,15.28228402,15.25857215,-0.023711869,0.160652882,-1.017504503,-1.285169683,-0.38506018,-0.556499762,-0.886024805,-2.360732396,NA,-2.002088055,-1.608251548,NA,0.439251015,0.770008409,-0.180714341,NA
20000,-1.60952381,6.462365591,-0.22459893,1.876935136,0.565,2.179321486,3.517318938,0.014314471,1.946275946,-0.91999998,7.070177988,6.737230862,0.332947126,NA,-1.000391916,NA,NA,5.736838946,-0.131135034,-0.121054148,-1.044712165,-1.477549288,NA,NA,NA,NA,NA,NA,NA,NA,NA,2.094632521,NA
20200,1.911854103,0.043314501,-0.367171059,1.992254274,0.542,-1.116136237,3.619300395,-0.812373225,1.261587717,-0.03000011,4.122251819,2.92237854,1.199873278,-1.099656273,-0.915389681,1.015606687,3.022595545,2.006988859,-1.086077307,-1.156519028,-1.289267588,-0.526680239,-0.174848121,-0.654516548,NA,-0.288323144,-1.662709581,-1.754853821,0.576059469,0.147383749,0.770008409,-0.232356423,NA
20300,-0.102873031,4.653196179,1.520432831,1.179628422,0.082,7.194174757,6.242835596,-1.85091052,1.297157623,-1.98999991,7.332384401,10.89325755,-3.560873145,0.6706517,-1.289210917,-1.601010528,8.003036101,9.604046629,-1.749231663,-0.823321835,-1.068593059,-0.38690851,-0.715097222,-1.394378353,-0.824645859,NA,-1.58249285,-1.826322429,NA,-0.801184866,-1.68709478,-0.139607027,NA
20400,-2.463203463,-0.247680228,-1.717647059,1.196792234,-0.017,-1.213845099,-0.78020265,-1.245466608,0.504477004,0.48999975,-3.248738517,-2.245037603,-1.003700914,0.014774341,-1.431669511,0.442742938,-3.233964176,-3.676707114,-0.502501474,-1.129834137,-0.971609312,-0.472397502,-0.152797137,3.082412568,-1.90405802,NA,-0.218808434,-1.421333649,0.456637877,-0.801184866,0.770008409,-0.228935338,NA
20500,2.089108911,-2.510388437,-2.38320073,1.457483562,0.371,-4.660377358,2.535747447,-0.83094025,1.341376169,-0.45000007,-0.975996695,-2.064194063,1.088197368,1.160656946,-0.29448983,2.543344144,0.184660251,-2.358683893,NA,-0.999914453,-1.194591856,-0.777168524,-0.027841562,-0.257415579,-0.734694845,NA,1.144875983,-1.556329909,0.907786112,-0.801184866,0.770008409,-0.152205305,NA
20600,-7.575851393,1.260869565,-3.104877538,-1.008593072,1.264,-5.374045802,-3.539162113,-2.656643488,0.186218091,0.75999985,-9.164452438,-10.62363346,1.459181024,-2.436506785,-2.621193703,1.643867942,-11.60095922,-13.24482716,2.309272996,1.577603667,0.157622527,-1.397136011,-1.069138017,0.808487021,-0.584776489,NA,0.387273529,0.46861399,-0.596041338,-0.801184866,0.770008409,0.084935568,NA
20700,-6.738678973,-8.588069327,-3.354296557,-1.650221909,-0.242,-7.795880644,-6.253333333,-3.699498404,-2.023807803,-1.40000006,-20.57326677,-21.17252024,0.599253478,NA,NA,NA,NA,NA,0.558545496,1.599234288,1.095713013,0.220062457,-1.565756326,-1.05000982,NA,NA,0.620381977,0.883987098,0.040193352,-0.180966926,-0.175031279,-0.214002034,NA
20800,-6.11372549,-1.306569343,-3.254901961,-1.960176827,1.171,-4.936030103,-1.000521241,-3.764705882,-1.73606657,0.46000013,-11.46437362,-10.97732367,-0.487049954,NA,NA,NA,NA,NA,2.282746822,2.267844857,0.162191456,-1.702767286,NA,NA,NA,NA,NA,NA,NA,NA,NA,-0.161219591,NA
20900,-6.765843179,-5.28460039,-4.051879995,-2.171913077,-0.8,-5.26730885,-2.95567867,-3.495922583,-2.047332223,-0.78999987,-19.07423664,-14.5562422,-4.517994444,-1.728507001,-1.766441197,-4.480060248,-20.80274364,-16.32268339,1.407383072,1.285121395,0.709615016,-0.299205548,1.221714183,1.163787888,1.514080492,1.810900616,1.144875983,1.81857659,0.907786112,-0.801184866,0.770008409,-0.086933189,15.54121465
21000,-8.120481928,-3.414496348,-2.830033099,-2.626792371,-0.309,-6.454410123,2.091437709,-3.931172469,-1.863944259,-0.82000008,-17.30080375,-10.97808922,-6.322714525,-0.849606217,-1.839750245,-5.332570497,-18.15040996,-12.81783947,1.672644814,1.472502189,0.79793193,0.351798756,-0.152797137,-0.754836793,0.614570357,0.753513833,0.690314511,0.19862147,0.231063759,-0.801184866,-0.868060384,-0.128312018,4.076447463
21100,-7.884565499,-7.770577933,-3.440679837,-1.987987988,-0.815,-5.390605686,-7.13564431,-3.651087832,-2.056749199,-1.01000001,-21.89881126,-19.24408704,-2.65472422,NA,NA,NA,NA,NA,0.611597844,1.395438978,1.007678713,0.353890185,0.59693631,-1.120289113,0.486068909,1.244443411,1.144875983,1.81857659,1.230034852,-0.801184866,0.770008409,-0.200860726,8.661369778
21200,-7.756756757,-10.61136572,-3.907890429,-1.734355045,-0.893,-4.666666667,-3.926952141,-3.557062736,-1.835181253,-0.48999985,-24.90336795,-14.47586265,-10.4275053,-0.885576988,-2.495438203,-8.817644087,-25.78894494,-16.97130085,0.107600534,0.955158144,1.130239038,0.516260178,0.222069587,-0.754836793,0.254766303,1.810900616,1.144875983,1.81857659,0.456637877,-0.801184866,0.770008409,-0.182343429,8.504791995
21300,-6.734855136,-6.220553015,-3.513413326,-2.458806136,-0.245,-6.768147346,-5.524488531,-2.96461825,-1.309880413,-1.12999996,-19.17262761,-17.6971345,-1.475493114,-1.265577186,-2.366490105,-0.374580195,-20.4382048,-20.0636246,0.240231405,1.275387069,1.180968274,0.372638348,-0.444360144,0.334752532,NA,0.929744964,1.144875983,-0.431361076,0.53182925,-0.801184866,0.770008409,-0.216880089,NA
21400,-7.210092034,-4.508563187,-3.686133699,-2.091122634,-0.773,-7.618732261,3.122010737,-4.027069235,-1.624056855,-1.15,-18.26891156,-11.29784761,-6.971063942,-2.815731099,-3.451114517,-6.335680524,-21.08464265,-14.74896213,1.672644814,1.427087047,1.254212435,-0.491679121,-0.027841562,1.163787888,-0.284939778,1.810900616,1.144875983,1.14359529,-0.78401977,0.542620672,0.770008409,-0.14579756,12.17014387
21500,-7.638426626,-6.06015725,-3.052759248,-2.496315603,-0.837,-7.123406425,-4.083095646,-2.96585017,-1.894241898,-0.82999995,-20.08465873,-16.89659409,-3.188064639,-1.159358704,-2.515077481,-1.832345861,-21.24401743,-19.41167157,0.134126708,1.539275236,1.323594202,0.333172512,1.960088032,-0.095915185,0.941664951,0.729482316,0.52501943,0.714061736,0.395117663,-0.801184866,0.770008409,-0.254153617,8.847924657
21600,-6.275132275,-10.314358,-3.025838373,-2.12528578,-0.585,-5.464323749,-3.700711854,-3.845303867,-2.134379733,-0.75999995,-22.32561443,-15.90471915,-6.420895276,1.319378747,NA,NA,-21.00623568,NA,0.982964284,1.047183878,1.373381391,-0.754205261,2.002686524,2.229690488,1.738958025,0.819600507,-0.559729538,0.80610464,1.471721406,-0.801184866,0.770008409,-0.228935338,13.94753554
21700,-7.182384065,-10.68627451,-4.235294118,-1.832098765,-1.051,-5.339869281,-7.836895971,-4.117881883,-2.201375028,-1.40000006,-24.98705146,-20.89602222,-4.091029235,-2.975048475,-2.218264444,-4.847813266,-27.96209993,-23.11428667,1.46043542,0.54899454,1.827448085,1.425425488,0.440741842,0.097885287,1.064325424,1.480467247,0.576674143,1.14359529,1.189753759,0.542620672,0.770008409,-0.18701348,13.95971466
21800,-5.590296496,-9.074758505,-3.069317321,-2.211417725,-0.84,-7.376511226,-3.684943062,-4.112264514,-2.051400077,-0.85999986,-20.78579005,-18.08511874,-2.700671308,-2.164922426,-1.900800695,-2.964793039,-22.95071247,-19.98591943,0.213705231,1.441786921,0.456534067,-1.305806514,0.061412419,1.620603288,0.871573252,NA,0.170815685,0.66146579,-0.220084476,0.350648452,0.770008409,-0.255760983,NA
21900,-6.67032967,-7.073260073,-3.959289288,-2.442771504,-1.218,-7.436090226,-8.655011655,-4.235294118,-2.456153748,-1.17999991,-21.36365054,-23.96254966,2.598899121,-1.683949694,-2.845650011,3.760599438,-23.04760023,-26.80819967,0.929911935,1.287646962,1.509365887,1.51888663,0.909325247,-0.612716446,1.963835559,1.810900616,1.144875983,1.81857659,1.471721406,-0.801184866,0.770008409,-0.283118797,14.63621929
22000,-5.639118457,-7.516934046,-4.235294118,-1.579711981,-1.146,-8.319938176,-4.896977437,-3.908496732,-0.616433441,0.05999992,-20.1170586,-17.68184587,-2.435212736,-0.170022013,-1.590671851,-1.014562898,-20.28708062,-19.27251772,1.009490458,1.82035728,2.834402212,1.08693052,2.203507983,1.011516088,NA,0.677986206,1.144875983,0.08291039,0.263288633,0.350648452,-0.985065297,-0.269038048,NA
23100,-8.715504979,-6.047619048,-4.235294118,-2.679935224,-0.493,-6.483953787,-10.42925659,-4.235294118,-2.264550265,-0.27,-22.17135337,-23.68305476,1.511701396,NA,-2.570802906,NA,NA,-26.25385767,2.468430041,2.967791564,5.044114953,0.31036237,0.864698256,-0.815745513,1.257077596,NA,1.144875983,0.66146579,-0.703457585,0.350648452,0.770008409,-0.215088092,NA
23500,-5.416184971,-11.70248411,-3.5,-2.15576502,0.63,-7.683729433,-12.22309711,-4.235294118,-1.296849088,-0.01000007,-22.1444341,-25.44896982,3.304535718,NA,NA,NA,NA,NA,2.33579917,2.091593822,1.101129784,0.536575757,NA,NA,NA,NA,NA,NA,NA,NA,NA,-0.283987644,NA
23600,-6.351215423,-5.041768375,-3.975300617,-1.581419674,0.512,-6.969040248,-3.927629809,-3.644288485,-1.358817296,0.23999999,-16.43770409,-15.65977585,-0.777928243,-2.058346687,-2.445944032,-0.390330897,-18.49605078,-18.10571988,1.248226026,1.840940183,1.207534002,0.160270292,1.462013365,1.409765411,1.168115055,0.895854362,1.144875983,0.883987098,1.081304664,-0.801184866,0.770008409,-0.198362792,14.57896696
23700,-2.765323993,-3.805555556,-3.997508917,0.098307178,0.312,-6.398753894,-5.209366391,-2.875626163,-0.962920306,0.65000007,-10.15808129,-14.79666668,4.638585396,-2.07829587,-2.420186868,4.980476395,-12.23637716,-17.21685355,0.452440799,1.440514715,0.549985137,-0.39441184,1.221714183,0.382125981,NA,NA,-0.673369906,0.46861399,0.907786112,-0.263662651,0.770008409,-0.180551432,NA
23800,-5.942070275,2.745762712,-3.573211103,-0.472682043,-0.708,-5.742627346,-0.689253936,-3.994584023,0.007848909,-0.27,-7.950200709,-10.6886164,2.738415687,-0.725972564,-1.123763552,3.136206676,-8.676173273,-11.81237995,0.452440799,0.820123843,0.658508961,-0.500519151,0.034636225,-0.115295233,-0.150013258,0.621340486,0.122112671,-0.4088617,NA,-0.398043205,-0.458543186,-0.178379315,NA
23900,-6.960784314,4.708428246,-2.764705882,-0.120996441,0.735,-7.081023454,-3.434351344,-0.785956267,0.938271605,-1.01999989,-4.403058391,-11.38305935,6.980000959,-2.146382362,NA,NA,-6.549440754,NA,-0.529027648,2.017849297,-0.963507707,-1.59322217,-1.277397307,1.376968408,1.334178465,0.224820442,1.144875983,1.00859903,0.456637877,-0.801184866,0.770008409,-0.221224323,4.550162738
24000,-6.248677249,0.810919239,-2.524413687,-0.463509923,0.325,-3.23405324,-5.245614035,-2.100989068,0.113177661,1.67000005,-8.10068162,-8.797478631,0.696797012,-1.135766909,NA,NA,-9.236448528,NA,1.46043542,1.190229577,-0.011098105,-0.561756458,-0.902530584,0.666366674,-1.004547886,-0.832566341,-2.037054323,-0.61135609,-0.671232711,-0.801184866,-0.049025987,-0.18348379,-4.515005136
24100,-1.824742268,-4.01320132,-2.12716763,2.521015397,1.065,-0.967871486,4.5625,-1.244267198,1.675763483,-0.36999991,-4.379095821,3.656124888,-8.035220709,NA,NA,NA,NA,NA,-0.688184693,-0.508789594,-1.253705311,-1.795424824,NA,NA,NA,NA,NA,NA,NA,NA,NA,0.231770678,NA
24200,-5.356687898,-0.625257814,-1.573595954,0.454301184,0.759,-2.320730939,3.21978022,-0.652626483,1.067750678,0.14000008,-6.342240482,1.454173556,-7.796414038,-0.587155477,-0.964669877,-7.418899638,-6.929395959,0.489503679,-0.131135034,-0.203837161,-0.913061085,-0.780659728,0.463055338,0.859244288,0.678821081,NA,-0.316214463,-0.20636731,0.746661742,0.350648452,-0.985065297,-0.140204359,NA
24300,-4.95567867,2.138381201,-1.591340609,-0.566869226,0.36,-2.706352545,-3.8456948,-1.743944637,-0.547267142,-0.89999994,-4.615507304,-9.743259064,5.12775176,NA,NA,NA,NA,NA,0.08107436,-0.031200441,-0.55301069,-0.308959469,-0.223084647,0.231123113,-1.296888679,-0.915174683,-0.985880918,-0.712603284,-0.431560211,0.206669288,0.770008409,-0.242456767,-5.095996194
24400,-1.254901961,-0.024825259,-1.550119468,1.517941484,0.526,-1.918429003,3.915184326,-1.603250309,1.354297694,-0.01000007,-0.785905203,1.737802638,-2.523707841,NA,-2.946878165,NA,NA,-1.209075527,-0.502501474,-0.547776042,-0.736380155,-0.512343883,NA,NA,NA,NA,NA,NA,NA,NA,NA,-0.242836887,NA
24500,-1.151366503,-1.42884382,3.198539783,1.580449539,0.881,2.250863856,4.064610866,1.008842753,0.562898644,0.22000024,3.079778998,8.107216359,-5.027437361,-1.788867198,-2.02874079,-4.787563769,1.2909118,6.078475569,-1.245234352,-0.564749688,-1.253987925,-0.819307128,-1.277397307,-0.435066013,-0.959572379,-0.832566341,-1.127931378,-0.881348609,0.343850818,-0.801184866,0.770008409,-0.213947731,-10.56606684
24600,-4.140186916,3.836363636,-0.629331185,0.393842752,-0.496,2.841004184,2.300788202,-0.385417787,2.009489004,0.25999973,-1.035311712,7.025863334,-8.061175046,NA,-1.572223721,NA,NA,5.453639613,-0.714710868,-0.824282222,-0.941086986,-1.31519007,NA,NA,NA,NA,NA,NA,NA,NA,NA,-0.115442225,NA
24700,-2.018480493,0.226386807,-1.188584014,0.845576473,0.13,-1.219053052,4.263157895,-1.334854163,0.025013473,0.20999978,-2.005101227,1.944263933,-3.949365159,-0.256786202,-0.947594478,-3.258556883,-2.261887429,0.996669455,-0.582079996,-0.326162984,-0.942594261,-0.201037965,0.767330276,-0.095915185,-1.511544507,-1.433354286,0.52501943,-0.390453119,NA,NA,0.770008409,-0.234202722,NA
24800,-5.046758767,-4.926102503,-1.945519147,-0.935810408,0.282,-5.392572944,-6.966072943,-1.248669004,-0.42993509,-0.57000002,-12.57219083,-14.60725,2.035059175,0.102249911,NA,NA,-12.46994091,NA,-1.139129655,-0.714781808,-0.24227646,1.153245008,0.180417729,-1.323318179,-0.284939778,-0.832566341,NA,-0.881348609,NA,0.094685493,0.770008409,-0.268212644,NA
24900,-3.321880651,0.805788982,0.398131376,-0.189792784,-0.434,-2.036565978,-2.403593457,-0.785373609,1.007744355,-1.00000014,-2.741753077,-5.217788829,2.476035752,-1.658088691,-0.49887765,1.31682471,-4.399841768,-5.716666478,-0.608606171,-0.548907513,-0.645566816,0.950936363,-0.340230499,1.163787888,NA,0.819600507,1.144875983,0.80610464,0.202866995,-0.801184866,-2.301370577,-0.280121275,NA
25200,-4.226695684,-2.003146633,-1.841724077,0.642354411,-0.787,-6.155388471,-0.235326874,-2.356073211,0.071124594,-0.43000003,-8.216211983,-9.105663992,0.889452009,-0.972990894,-0.810405671,0.726866786,-9.189202877,-9.916069663,-0.529027648,-0.332780463,-0.373974642,-0.173168259,0.701065956,-0.020548335,NA,NA,0.008472302,0.243620224,-0.220084476,0.094685493,0.087479745,-0.186524754,NA
25300,-2.675601999,1.71293581,-2.631644432,-0.41175866,-0.576,-3.136253041,5.813852814,-2.029411765,-0.435054773,-0.73000004,-4.582069281,-0.516866805,-4.065202476,NA,-1.485377026,NA,NA,-2.002243831,-0.422922951,-0.25782551,-0.061686034,0.625118908,-0.444360144,0.21631891,-0.284939778,0.489167138,NA,0.243620224,0.719807681,NA,0.770008409,-0.166161157,NA
25400,-6.750221435,-9.486248625,-3.146191132,-1.332663989,-0.453,-6.198622273,0.974919505,-2.965150433,-0.74542145,-0.64999988,-21.16832518,-9.58427453,-11.58405065,-0.007618336,NA,NA,-21.17594352,NA,0.638124019,0.707532145,0.50801694,0.8367095,-0.936609377,0.485486233,0.45102306,-0.712408752,-0.094837123,0.714061736,0.395117663,-0.068200027,0.770008409,-0.284443788,3.182658117
25500,-5.734177215,-8.429350791,-3.762341117,-1.577887443,-0.179,-3.694485842,-6.83935743,-4.003788277,-1.783467447,1.00E-07,-19.68275657,-16.3210989,-3.361657671,-0.904759775,-2.153337817,-2.113079629,-20.58751634,-18.47443671,0.346336102,1.219302856,0.943902125,0.928549217,-0.574522201,1.696739188,0.727009124,1.315250562,0.292573223,0.80610464,NA,-0.801184866,0.770008409,-0.250645648,NA
25600,-6.24665392,-8.642355484,-3.812711291,-1.727516713,-0.253,-6.369863014,-3.713928274,-3.485949794,-1.511799656,-0.34999987,-20.68223741,-15.43154061,-5.250696801,-1.566831908,-2.295550557,-4.521978151,-22.24906932,-17.72709116,1.062542807,1.439662611,1.865412582,0.868284773,0.59693631,2.229690488,0.486068909,1.244443411,1.144875983,1.81857659,1.955094515,-0.225268207,0.770008409,-0.227577765,18.50288531
25700,-6.652250662,-11.013267,-3.59936407,-1.302049937,-0.615,-7.4,-4.95090715,-4.235294118,-1.874875602,-1.03999993,-23.18193167,-19.5010768,-3.680854867,NA,NA,NA,NA,NA,1.911380382,1.443565066,0.689361003,-1.65195691,NA,NA,NA,NA,NA,NA,NA,NA,NA,-0.173220537,NA
25800,-6.199017199,-7.569105691,-4.086749851,-1.53008774,-1.162,-6.700598802,-9.800687285,-4.070368334,-2.24558914,-1.2499999,-20.54696048,-24.06724346,3.52028298,-1.507426836,-0.774045972,2.786902116,-22.05438732,-24.84128943,0.638124019,0.380359398,0.523325205,1.149292467,-0.902530584,-0.328475753,-0.284939778,-1.361259733,1.144875983,-0.61135609,0.456637877,-0.801184866,0.770008409,-0.285350647,-1.202209578
25900,-2.006993007,-6.366330851,-3.257711107,-0.766345598,-0.711,-6.899761337,-8.373035567,-3.450980392,-1.961776386,-1.10000005,-13.10838056,-21.78555373,8.677173167,-0.965674476,-0.990860412,8.702359102,-14.07405504,-22.77641414,0.478966973,-0.200032562,0.172648178,0.723417027,-0.072468553,NA,0.871573252,0.677986206,1.144875983,0.37218809,1.471721406,-0.801184866,0.770008409,-0.209169074,NA
26000,-0.849056604,-10.34089191,-3.491548343,-1.862969742,-0.833,-4.117139334,-11.00462963,-3.120392712,-2.410038131,-0.78999987,-17.3774666,-21.44219968,4.064733074,0.027571755,-2.113423409,6.205728238,-17.34989485,-23.55562309,-0.025030337,0.050778925,0.171611926,1.017669565,-0.965008371,0.097885287,-0.284939778,-0.171699602,1.144875983,0.46861399,0.343850818,-0.801184866,0.770008409,-0.262880097,1.480737539
26100,-2.175591532,-7.450160772,-1.956344802,-1.632779999,-0.302,-6.250859107,-9.049861496,-3.324478178,-0.948957178,-0.89999994,-13.5168771,-20.4741559,6.957278794,NA,-0.590745244,NA,NA,-21.06490114,0.478966973,-0.010476893,-0.274777084,1.035636873,0.59693631,1.28222151,1.21424378,1.37032279,0.387273529,0.918601523,0.53182925,-0.801184866,0.770008409,-0.238275441,9.913870964
26200,-6.539082199,-5.786610879,-3.795492029,-1.053522365,-0.707,-3.352066883,-10.44569288,-3.105159067,-1.812379854,-0.73999991,-17.88170747,-19.4552986,1.573591127,-1.103874132,-0.483371576,0.953088571,-18.9855816,-19.93867017,0.532019322,-0.227748676,0.209152503,1.607066795,-0.402708286,1.092727714,1.154276438,1.017860529,0.690314511,0.73860651,0.231063759,-0.263662651,0.770008409,-0.29501331,8.964551811
26301,-3.533898305,-7.680751174,-2.140979689,-0.819338422,-0.772,-3.722492697,-11.97890295,-3.416759156,-1.142106646,-1.17999991,-14.94696759,-21.44026136,6.493293772,NA,NA,NA,NA,NA,-0.316818254,-0.198410774,-0.049392319,1.225987685,-0.766215412,-0.677316604,-0.284939778,0.008536782,-0.714693676,1.082233354,0.395117663,0.664784812,0.770008409,-0.275310036,0.19479203
26302,-2.333333333,-7.412926391,-2.605512758,-1.286961759,-1.139,-3.621848739,-7.401770514,-3.296677511,-1.164607201,-0.82000008,-14.77773424,-16.30490404,1.527169804,NA,-1.177571189,NA,NA,-17.48247523,-0.184187383,-0.362302814,0.051312514,1.499246021,0.372016276,0.097885287,NA,NA,0.8721391,0.19862147,NA,NA,0.278587771,-0.235288781,NA
26400,-2.529610829,-7.897435897,-3.598615917,-1.570308898,0.245,-5.980337079,-6.781323877,-2.8707052,-1.467327005,-0.89000007,-15.35097154,-17.98969323,2.638721689,NA,-0.640791271,NA,NA,-18.6304845,0.028022011,-0.174316214,-0.116324765,2.149719641,-0.793698309,0.441724836,-0.459038514,NA,0.704977784,0.512161171,0.325659357,-0.281002077,-0.022605523,-0.250010304,NA
26500,-4.920999597,-4.357203751,-1.829129013,-0.306671278,-0.665,-3.700686948,-4.707653246,-2.774072686,0.027100271,-0.92999985,-12.07900364,-12.08531246,0.006308821,NA,NA,NA,NA,NA,0.797281064,-0.569278823,-0.057917845,0.830609899,0.164397783,-0.558054774,-1.322836087,-0.629222729,1.144875983,0.260927436,NA,-0.180966926,-0.175031279,-0.227251948,NA
26600,-1.910195814,-1.257178527,-2.77252816,-1.57157002,-0.756,-4.39931219,-7.243122201,-3.633298934,-0.547499161,-1.17000004,-8.267472521,-16.99323252,8.725760004,NA,-1.456032774,NA,NA,-18.4492653,0.717702541,-0.566299724,0.212826486,1.672026173,-0.38485749,NA,NA,NA,-0.15387108,-0.10994141,NA,-0.417240427,-0.400040729,-0.260257265,NA
26700,-0.775223499,-5.364953432,-1.083619791,-0.264901786,0.653,-3.362980769,-7.728172499,-3.007478513,-0.123795028,-0.78,-6.835698508,-15.00242681,8.166728301,-0.857447599,-1.927469066,9.236749768,-7.693146107,-16.92989588,-0.316818254,-0.586254587,-0.430450365,0.612069989,-0.027841562,0.382125981,-1.004547886,NA,0.690314511,-1.151341129,-0.445658593,-0.801184866,0.770008409,-0.260936052,NA
26800,-7.449612403,-6.5460199,-2.591796206,0.140353334,0.067,-6.780966045,-7.722275487,-2.777618364,-0.486857457,-1.12999996,-16.38007518,-18.89771731,2.517642137,0.705016584,NA,NA,-15.67505859,NA,0.319809928,-0.127264607,-0.35353222,-0.974276568,1.266341174,-0.206658313,-1.441452808,NA,-0.803244612,-0.20636731,NA,-0.801184866,0.770008409,-0.127823292,NA
26900,-4.614754098,-6.03307888,-3.405928429,-0.047483381,-0.362,-5.784313725,-6.538784067,-2.874557052,-1.639965547,-0.29999992,-14.46324479,-17.13762031,2.674375523,-1.649197967,NA,NA,-16.11244276,NA,0.425914625,-0.075336837,0.461102995,0.471351811,-0.027841562,0.808487021,0.614570357,-0.391988515,0.387273529,0.918601523,0.53182925,0.094685493,0.770008409,-0.184624151,5.220532453
27000,-4.547024952,-8.387478849,-2.942469295,-1.576183779,-0.529,-4.271210014,-7.337117303,-2.723627999,-1.064049463,-1.22999986,-17.98215688,-16.62600464,-1.356152237,NA,-1.453300021,NA,NA,-18.07930466,0.505493147,0.555645578,0.556391058,0.512238224,0.59693631,-0.754836793,-2.173911061,-0.964739689,1.144875983,1.41358781,NA,0.005098457,-0.458543186,-0.277645062,NA
27100,-1.740213523,-10.1286854,-2.74043875,-0.690314128,-0.218,-5.933797909,-13.66666667,-3.07680016,-0.885865457,-0.84000012,-15.5176518,-24.40313031,8.885478515,NA,-1.284860291,NA,NA,-25.6879906,NA,-0.293331225,0.221870138,1.188228094,NA,NA,NA,NA,NA,NA,NA,NA,NA,-0.251405889,NA
27200,-3.840714841,-11.05028882,-3.102562665,-1.347232207,-1.016,-6.799453765,-9.090813094,-4.071468796,-1.297645327,-1.38999989,-20.35679853,-22.64938087,2.29258234,NA,-1.500589192,NA,NA,-24.14997006,0.293283754,-0.254217068,0.078726084,0.048783905,NA,NA,NA,NA,NA,NA,NA,NA,NA,-0.249499856,NA
27300,-3.134206219,-8.299680882,-3.095806887,-0.034339139,-0.029,-6.115310451,-9.858897589,-1.832013965,-0.777234004,-0.75000008,-14.59303313,-19.33345609,4.740422962,-0.513636362,-1.522897228,5.749683828,-15.10666949,-20.85635332,0.187179057,-0.868244799,-0.255606426,0.420746459,0.686190292,-1.323318179,1.257077596,-0.266109136,0.495502451,-0.49564501,NA,3.038259529,0.770008409,-0.185275787,NA
27500,-2.495145631,-9.681564246,-2.012215925,-0.653752546,-0.233,-1.188679245,-3.105610561,-2.751562591,0.078088929,-0.80999991,-15.07567835,-7.777763379,-7.297914969,NA,NA,NA,NA,NA,0.346336102,-0.506406059,0.010097954,0.875258977,NA,-0.328475753,-0.105037751,0.224820442,-0.218808434,0.73860651,NA,NA,0.770008409,-0.222147473,NA
27600,-4.267267267,0.045707915,-2.621479868,0.745923958,-0.305,-3.595842956,-1.053030303,-1.922920892,0.476885645,-0.15000006,-6.402115262,-6.244908567,-0.157206695,-0.639652014,NA,NA,-7.041767276,NA,-0.422922951,-0.746529216,-0.644059541,-0.563654096,-1.107003342,0.097885287,0.205702114,-0.351935985,0.52501943,0.714061736,2.24072408,-0.801184866,0.770008409,-0.175392654,-0.513332294
27700,3.381771281,-1.390380313,-1.507067465,0.527173221,0.121,-2.300492611,-2.27306968,-1.92610598,1.038338568,0.14999995,1.132496724,-5.311329753,6.443826477,-0.317603898,-1.497778736,7.624001315,0.814892826,-6.809108489,-0.475975299,-0.381860378,-0.74848546,-0.065489104,0.59693631,-0.289715658,0.941664951,0.008536782,-0.094837123,-0.022281501,0.395117663,-0.801184866,-1.463721763,-0.227903583,-2.910377905
27800,-1.602875558,-2.980090763,-1.17699115,1.452220535,0.84,-2.847525635,-6.348864994,-0.840030866,1.002122824,-0.77000012,-3.467736936,-9.804298791,6.336561855,-0.797664398,-0.838369415,6.377266872,-4.265401334,-10.64266821,-0.025030337,-0.555317307,-0.456074045,-0.043013297,-1.277397307,-0.301828188,NA,NA,-0.559729538,0.299868665,NA,-0.801184866,0.002163662,-0.186470451,NA
28000,-1.58698941,-5.201615736,-0.525951557,1.15737081,0.266,-0.513903193,-4.446030004,-0.406693712,0.635294118,-0.24999996,-5.891185893,-4.981332751,-0.909853143,-0.643192331,-1.126636659,-0.426408815,-6.534378225,-6.107969409,-1.112603481,-0.87390813,-0.989932127,-0.238526743,-0.84485878,-0.72203979,0.54537727,NA,NA,-0.050602394,0.821026836,-0.180966926,0.770008409,-0.248191156,NA
28100,-2.930896345,-10.84976526,-1.784893839,0.829268293,0.453,-4.914438503,-8.966689482,-1.901534527,-0.17091479,0.78000019,-14.28328715,-15.17357711,0.890289962,NA,-1.76514146,NA,NA,-16.93871857,1.009490458,-0.506889626,-0.555460013,0.27577521,NA,NA,NA,NA,NA,NA,NA,NA,NA,-0.204010296,NA
28200,-3.619565217,-8.623188406,-1.227956213,0.265570452,-0.276,-1.733042443,-7.417727967,-2.778364597,0.46435683,-0.27999988,-13.48113938,-11.74477806,-1.736361327,-0.113196436,-2.78665601,0.937098247,-13.59433582,-14.53143407,0.001495837,-0.082989905,-0.666574466,-0.267425795,-0.084639551,1.454488597,-0.284939778,0.008536782,-1.334550229,-0.390453119,NA,-0.068200027,0.770008409,0.911534693,NA
28300,-1.396694215,-2.401399265,-0.477979674,1.448190631,0.505,-4.461293743,0.595607724,-0.507862551,-0.092991831,0.03000001,-2.322882523,-4.436540391,2.113657868,-1.082495015,-0.856766434,1.887929287,-3.405377538,-5.293306825,-0.635132345,-0.861201185,-0.80651556,-0.887971493,-0.223084647,-1.101255138,-0.790914229,NA,-0.133578158,-0.965721272,-1.488938887,0.206669288,0.002163662,-0.238492653,NA
28400,5.575398868,-5.373646625,-0.635239777,-0.510767605,0.482,-0.243177683,-6.814418273,-1.208118335,0.204534086,-0.73000004,-0.462255139,-8.791180245,8.328925106,NA,NA,NA,NA,NA,-0.449449125,-0.66794529,-0.780986084,0.884435524,0.362644608,-1.234492963,0.389692823,0.819600507,0.292573223,-0.712603284,-0.643035946,0.206669288,0.770008409,-0.2597794,-1.437560166
28500,0.522123894,-5.2226762,-0.110007639,0.717491214,0.318,-5.170616114,-8.694058154,0.058950578,0.400086552,-0.0699999,-3.775068732,-13.47563704,9.700568306,NA,NA,NA,NA,NA,-0.529027648,-0.961556664,-0.757858828,-0.66381834,NA,NA,NA,NA,NA,NA,NA,NA,NA,-0.179193859,NA
28600,-3.404408648,-6.74470325,-0.239733629,-0.142437501,0.404,-0.984344423,-3.878418174,-0.201388889,-0.113712027,-0.57999989,-10.12728303,-5.757863402,-4.369419626,-1.402658698,NA,NA,-11.52994173,NA,0.425914625,-0.731162147,-0.777076589,-0.586105703,-0.255033516,NA,NA,NA,-1.644478506,-1.126796355,NA,2.49724691,-2.580586849,-0.178976647,NA
28700,-2.411264612,-7.885473838,0.381236039,0.241622575,0.704,2.121718377,-4.311420143,2.019645478,-0.359338061,-0.22999992,-8.969879837,-0.75939427,-8.210485567,NA,-2.470468023,NA,NA,-3.229862293,-0.714710868,-0.81073618,-1.028461853,-0.73731943,NA,NA,NA,NA,NA,NA,NA,NA,NA,-0.228283703,NA
28800,-4.114054452,-2.344262295,-0.748940899,0.476740892,0.485,-0.832593532,-7.15917603,-0.071653353,0.649343221,-0.08999994,-6.245516754,-7.504079634,1.25856288,-1.569228339,-1.836242316,1.525576857,-7.814745093,-9.34032195,-0.131135034,-1.003997776,-0.864498558,-0.363141344,-0.652619435,NA,-0.734694845,NA,-2.264335059,-1.556329909,-1.347955063,3.230231749,0.770008409,-0.143788352,NA
29000,-5.118763391,-11.84351261,-0.046934494,-1.177207977,-0.532,-4.329479769,-4.645764576,-1.067873303,0.035370639,-0.15999993,-18.71841847,-10.16774694,-8.550671533,-0.35011053,-1.865576478,-7.035205585,-19.068529,-12.03332342,-0.316818254,-0.611916974,-0.298469568,-0.216585953,0.362644608,1.430263538,0.052376523,-0.667349656,0.292573223,-0.20636731,-0.643035946,-0.801184866,-2.301370577,-0.226328798,-3.38865613
29100,-2.017408124,-8.705426357,0.759156493,0.381950534,0.741,-2.936806149,-9.452337949,-1.739750446,0.666536312,0.03999988,-8.840727454,-13.42235835,4.581630897,-2.249760416,-1.75959582,4.091466301,-11.09048787,-15.18195417,-0.051556512,-0.879279209,-0.968076635,-1.053387809,1.400222146,-1.120289113,-0.670444121,-1.021385409,-0.803244612,-0.49564501,0.263288633,0.350648452,0.770008409,0.007282386,-6.413532925
29200,-3.395973154,-6.454586432,-2.294000702,-1.473138668,-0.197,-4.757575758,-7.529397985,-1.933798145,-1.160205713,-0.68000009,-13.81469896,-16.06097769,2.246278736,-0.172651777,-0.650371812,2.723998771,-13.98735073,-16.7113495,0.478966973,-0.878536769,0.13986494,0.854672561,1.448906137,-1.258718022,NA,NA,-0.714693676,-1.126796355,NA,-0.068200027,-0.346856677,-0.170179573,NA
29300,-3.299175501,2.687778769,1.37914968,0.598765432,-0.659,1.453074434,-0.28965329,-0.693877551,-0.237976218,-1.08999988,0.70751838,-0.858432505,1.565950885,-0.868126483,1.765731223,-1.067906821,-0.160608103,0.907298719,-1.961441057,-1.008407242,-0.753525412,0.372315149,NA,-0.871117076,-2.247507345,-2.15429982,NA,-1.494967973,NA,0.664784812,0.770008409,-0.110500659,NA
29400,-2.409090909,1.65958523,1.535014006,-0.03988604,-0.841,-0.045808124,-2.375096674,0.633484163,1.415140415,-0.89000007,-0.095377713,-1.262280291,1.166902578,-0.944590813,NA,NA,-1.039968526,NA,-1.828810186,-1.233822623,-1.04240415,-0.223213827,0.362644608,-0.168590363,-0.284939778,-2.15429982,0.292573223,-0.712603284,NA,0.206669288,-2.301370577,-0.174632413,NA
29800,-3.326241135,-10.79821958,-0.425660028,-0.039294142,-0.239,-2.849148418,-5.220211161,-1.001220405,-0.348104056,-0.68999996,-14.82841489,-10.108684,-4.719730887,0.067619025,-0.36102663,-4.291085232,-14.76079586,-10.46971063,0.160652882,-0.847261344,-0.684143644,-0.044994567,NA,-0.394069759,NA,NA,NA,-0.362132225,NA,-0.801184866,-0.175031279,-0.222744805,NA
29900,-0.186825667,-5.085451595,1.323434228,0.514437927,-0.091,0.829787234,-5.347386172,1.448916409,0.806951325,-0.20999988,-3.525405108,-2.471731084,-1.053674024,NA,NA,NA,NA,NA,-1.749231663,-0.726726607,-1.058230541,-0.777942552,NA,NA,NA,NA,NA,NA,NA,NA,NA,-0.238492653,NA
30000,1.324786325,1.62464804,-0.157754011,1.33329521,-0.292,-0.762322755,1.046875,-0.392044978,1.024178756,0.20999978,3.832975564,1.126685803,2.70628976,-0.715867338,-1.355914576,3.346336998,3.117108226,-0.229228772,-1.590074618,-1.13454418,-0.625736725,-0.866317113,-0.412320253,-0.394069759,-0.077360516,-0.324207311,0.09588797,-1.608251548,NA,NA,-1.120070967,0.00717378,NA
30100,-2.517525773,-4.382638343,-1.045177946,-0.576501978,-0.187,-2.87329591,-1.030327215,-2.530108853,-0.079517838,-0.54999998,-8.70884404,-7.063249796,-1.645594244,-1.075754054,NA,NA,-9.784598093,NA,-1.16565583,-0.396888217,-0.399221504,-0.965311583,-0.52766386,-1.465438526,-0.105037751,NA,0.690314511,-0.07137105,-2.024677416,0.81138178,-0.049025987,-0.26404761,NA
30200,-3.101123596,-5.838559814,-2.364100296,-0.726309643,-0.766,-4.616291533,-6.363782646,-2.436068203,-0.746091735,-0.47000011,-12.79609335,-14.63223423,1.836140878,-1.090263291,-1.029942081,1.775819668,-13.88635664,-15.66217631,-0.184187383,-0.619934151,0.320266956,0.463307774,1.299811417,0.497598763,-0.790914229,-0.171699602,0.292573223,0.046750678,NA,-0.297257789,-1.533525831,-0.150956338,NA
30600,-4.393939394,-7.036454773,-3.278041651,-0.619452875,-0.397,-5.965517241,-9.65088208,-3.00130719,-0.544181977,-0.6100001,-15.72488869,-19.77188859,4.046999894,-0.230969176,NA,NA,-15.95585787,NA,0.744228716,-0.34242208,-0.013311916,0.379988517,1.699485497,-0.27831563,0.350008553,0.178171025,0.342708679,-0.325481657,-0.419120462,-0.326900559,0.047331,-0.155409178,1.780815901
30700,-3.596126594,-6.414915534,-1.542807879,-0.681952804,-0.447,-7.757133798,-7.888313928,-2.751035075,-0.745541838,-0.73000004,-12.68280281,-19.87202468,7.18922187,-1.239888698,-1.654394952,7.603728124,-13.92269151,-21.52641963,0.717702541,-0.227433968,-0.108882593,-0.724094929,-0.027841562,-0.612716446,1.514080492,1.150033877,1.144875983,0.46861399,-0.220084476,1.886426211,-1.277577582,-0.151064944,4.069354026
30800,-4.415472779,-8.185264282,-2.782861293,-2.189319007,-0.97,-5.750096265,-9.308402585,-3.710935266,-2.344430573,-1.22999986,-18.54291736,-22.34386455,3.800947188,NA,-1.427627734,NA,NA,-23.77149228,1.036016632,-0.125286359,0.563880332,1.110757266,0.245498757,-0.301828188,0.221034673,-0.171699602,NA,0.552986653,NA,0.206669288,0.770008409,-0.273203083,NA
30900,-4.445887446,-7.069204152,-1.457880257,-1.323678057,-0.822,-1.392857143,-9.772695285,-2.215235792,-1.483561993,-1.05999997,-15.11864991,-15.92435018,0.805700271,-0.954046274,-1.273932878,1.125586876,-16.07269619,-17.19828306,1.248226026,-0.528558764,0.029786738,-0.134816056,-0.52766386,-0.968017313,1.604031505,0.621340486,-0.218808434,0.60361025,-0.558445652,0.81138178,0.770008409,-0.151010641,2.254387647
31000,-4.894428152,-8.724186905,-1.859404003,-2.176342432,-0.418,-4.015271839,-10.05024455,-2.669766721,-2.206733277,-0.84000012,-18.07236149,-19.78201651,1.709655017,NA,NA,NA,NA,NA,1.725697163,-0.314917575,-0.054950397,0.87083898,0.59693631,-0.663473713,0.100564566,NA,0.170815685,1.52929889,-1.186830694,-0.801184866,0.770008409,-0.178868041,NA
31200,-4.219260533,-7.115391774,-0.703773983,-1.104922484,-0.031,-1.624535316,-6.919678715,-2.509803922,-1.540849673,-1.31000003,-13.17434877,-13.90486766,0.730518882,-1.050379213,-1.729455108,1.409594778,-14.22472799,-15.63432276,0.372862276,-0.730283183,-0.395123599,0.179670032,NA,-0.435066013,-0.622256078,NA,NA,-1.218839259,-2.757793298,NA,0.770008409,-0.247088806,NA
31300,-4.533553355,-7.113728676,-0.670868347,-1.46800397,-0.933,-0.0775428,-11.01216646,-2.014293568,-1.286990342,-0.24999996,-14.71915435,-14.64099313,-0.078161219,NA,-1.038855673,NA,NA,-15.6798488,0.478966973,-0.653441281,-0.084106754,-0.632873217,1.029474837,NA,NA,NA,0.09588797,-0.673662056,NA,1.679686897,0.770008409,-0.185438695,NA
31600,-1.240184758,-9.526951272,-1.337732772,-2.159675237,-0.809,-5.18400741,-8.761331038,-2.701087959,-1.262002743,-1.00000014,-15.07354404,-18.90842929,3.834885252,-1.897647732,-1.500157013,3.437394533,-16.97119177,-20.4085863,0.213705231,-0.477418116,-0.161543025,0.706759372,0.498287172,0.434486109,0.567227718,0.141342538,NA,0.965968632,NA,0.896253709,-0.523203796,-0.10420152,NA
31700,-5.318289786,-10.47160693,-3.123732252,-1.777667318,-1.246,-2.136015963,-8.870705371,-2.645262393,-1.015511461,-0.59000006,-21.93729628,-15.25749525,-6.679801035,-2.068458263,NA,NA,-24.00575455,NA,0.107600534,-0.750942866,0.256349062,0.372771535,-0.255033516,-1.452518495,-0.77558167,0.008536782,-0.094837123,-0.390453119,NA,0.664784812,-2.580586849,-0.255304839,NA
31800,-4.786290323,-8.910828025,-1.660829217,-1.791495199,-0.704,-6.320574163,-8.914279369,-2.727721029,-1.613649782,-1.12999996,-17.85344276,-20.7062243,2.852781538,-2.364818452,-1.45195608,1.939919166,-20.21826122,-22.15818038,0.346336102,-0.327027449,0.013253812,0.225798303,-0.105938796,-1.767444263,-0.284939778,0.323950453,-0.559729538,-1.218839259,-1.065987417,0.206669288,0.770008409,-0.232247817,-5.119631761
31900,-5.380477378,-6.871057676,-2.021183651,-1.196204469,-0.612,-4.095652174,-3.792717087,-1.817736185,-1.384207474,-0.89999994,-16.08092317,-11.99031286,-4.090610314,-0.428726227,-1.280552818,-3.238783723,-16.5096494,-13.27086568,-0.502501474,-0.63740483,-0.086650281,0.427671816,0.59693631,0.425855318,0.752956531,NA,0.620381977,-0.050602394,-1.00091796,-0.801184866,-0.175031279,-0.253295631,NA
32000,-4.152542373,-7.668888066,-3.14635239,-1.886419753,-0.769,-5.555797327,-9.328685496,-2.571598336,-1.095944991,-1.05999997,-17.62320258,-19.61202612,1.988823538,NA,-1.895390775,NA,NA,-21.50741689,0.107600534,-0.353004088,0.092479971,1.487529552,0.527516547,-0.060026209,0.014896934,-0.391988515,-1.127931378,0.018626457,-1.097317155,-0.801184866,-1.050068027,-0.167898851,-3.252783818
32100,-1.352309345,-6.528282196,-1.33079067,-0.425626388,1.04,-2.829078801,-8.389728097,-2.261660628,-1.267877296,-0.89000007,-8.597008599,-15.63834489,7.041336293,-0.003466534,-1.404004184,8.441873942,-8.600475133,-17.04234907,-1.643126966,-0.97692516,-0.261871039,0.058974965,NA,-1.323318179,-0.284939778,-0.391988515,-0.370328924,0.918601523,-1.347955063,NA,-0.595048918,-0.203955993,NA
32300,-6.346824058,-4.488527326,-3.429257417,-0.797732126,-0.859,-3.895591647,-2.919191919,-3.252215955,-1.277143015,-1.0500001,-15.92134093,-12.39414264,-3.527198291,-2.240532398,-1.176474026,-4.591256663,-18.16187333,-13.57061666,-1.192182004,-0.628245498,-0.008601681,0.137663944,-1.143516335,0.706972488,0.486068909,-1.021385409,-1.290274761,-0.20636731,-0.220084476,-0.225268207,-0.107528444,-0.248402937,-5.275564642
32500,-6.368609224,-5.047419805,-1.513116375,-1.057193248,-0.762,-4.180253329,-5.001063264,-2.15324341,-0.095539265,-1.0500001,-14.74833865,-12.48009937,-2.268239284,0.09449819,NA,NA,-14.65384046,NA,-0.79428939,-0.783529727,0.129172705,0.404190292,0.521962966,NA,NA,NA,-0.491545317,-0.61135609,NA,-0.478671537,0.278587771,-0.212155734,NA
32600,-3.757403907,-6.261974585,-1.770962081,-1.96089154,-1.48,-0.974301952,-10.6232926,-3.029271994,-1.55693048,-0.87000003,-15.23123211,-17.05379705,1.822564939,-1.038571388,-1.722443886,2.506437437,-16.2698035,-18.77624094,-0.237239731,-0.499558073,0.331665726,1.094232626,NA,-0.152915324,0.19127147,NA,NA,0.150975731,NA,0.621668057,0.770008409,-0.217966147,NA
32900,-3.006042296,1.239239799,-2.75721562,-0.98540548,0.041,-5.531440162,-8.955745896,-2.540587007,-0.08042157,-0.84000012,-5.468423597,-17.94819475,12.47977116,NA,-2.23317391,NA,NA,-20.18136867,-0.900394087,-0.632970033,-0.115382718,-0.365073386,NA,NA,NA,NA,NA,NA,NA,NA,NA,-0.213730519,NA
33000,-2.346303502,-8.754142046,-1.296011515,-0.637791332,-0.66,-3.778717056,-11.38310609,-3.17681763,-1.760119806,-1.37000015,-13.69424839,-21.46876073,7.774512333,-0.609224143,-1.353403663,8.518691854,-14.30347254,-22.82216439,0.452440799,-0.536949024,-0.440624473,0.391642478,0.678429076,-0.458237808,1.122989129,0.776500503,0.551969715,0.057755808,NA,-0.4506269,-1.36660306,-0.169419332,NA
33200,-7.392101551,-9.857142857,-3.972297712,-2.025695072,-1.122,-7.502382573,-13.10381488,-3.784090909,-2.465783664,-1.29999986,-24.36923719,-28.15607189,3.786834699,NA,-2.313894292,NA,NA,-30.46996618,0.876859587,-0.183509316,1.049694013,1.846794888,NA,NA,NA,NA,NA,NA,NA,NA,NA,-0.211558402,NA
33300,-5.279069767,-11.77567668,-3.094634923,-0.442932729,-0.266,-7.703186138,-11.27255985,-3.968203498,-0.855666091,-0.47999998,-20.8583141,-24.27961556,3.421301462,-2.497236933,-1.163673938,2.087738467,-23.35555103,-25.4432895,0.266757579,-0.00171736,0.060073552,0.462663519,-0.123961235,NA,NA,NA,0.620381977,1.195516929,NA,-0.180966926,0.770008409,0.03856087,NA
33400,-5.54822335,-8.98019802,-1.872941176,-1.600886547,-0.67,-6.830109336,-8.41509434,-3.206685953,-1.321087321,-0.85999986,-18.67224909,-20.63297681,1.960727716,NA,NA,NA,NA,NA,0.744228716,0.145073718,0.313766831,0.392805379,-0.474111471,0.097885287,2.413590626,1.244443411,0.170815685,0.66146579,-0.220084476,-0.801184866,0.770008409,-0.097793774,6.703237965
33500,-4.391180654,-11.35024322,-0.956404274,-2.226752628,-0.937,-6.239915074,-10.48608496,-3.810356341,-1.778546181,-1.05999997,-19.86158078,-23.37490252,3.51332174,-0.888485635,NA,NA,-20.75006642,NA,1.433909246,-0.078225466,0.773580013,0.604388858,-0.652619435,-0.375849201,0.614570357,0.489167138,0.387273529,0.918601523,NA,0.990555852,-0.595048918,0.043828254,NA
33600,-3.796665825,-9.399819393,-2.526069127,-1.521313435,-0.923,-6.800054186,-9.248438584,-3.238285145,-2.059131331,-1.00000014,-18.16686778,-22.34590939,4.179041606,NA,NA,NA,NA,NA,0.850333413,0.105472733,0.079197108,-0.225828649,0.085754415,-0.677316604,0.941664951,-0.532172369,0.52501943,0.345890118,NA,NA,0.770008409,-0.22431959,NA
33800,-4.14762516,-6.362498387,-3.055613514,-1.387766554,-0.31,-5.823449216,-8.207729469,-2.946246724,-1.454920971,-0.22999992,-15.26350362,-18.6623463,3.398842684,-1.782711389,-0.991160141,2.607291436,-17.04621501,-19.65350644,2.017485079,-0.20392622,0.230489869,0.603591702,0.59693631,-0.815745513,1.128576148,NA,0.820189217,0.85431759,NA,0.350648452,-0.400040729,-0.238492653,NA
33900,-5.182857143,-7.111788618,-3.100905681,-2.107727593,-0.646,-7.855009334,-7.059171598,-4.004961021,-1.864271457,-1.33999994,-18.14927903,-22.12341335,3.974134315,0.394068155,-0.067667093,4.435869563,-17.75521088,-22.19108044,0.929911935,-0.052610316,0.529919535,0.5962282,-0.860878726,1.28222151,0.314733645,0.929744964,0.387273529,0.918601523,1.283742975,0.094685493,0.770008409,0.004730148,9.340279299
34000,-6.181883537,-8.721775395,-3.568399453,-2.62201393,-1.475,-7.118948824,-13.66666667,-3.738419619,-2.253615814,-1.08999988,-22.56907231,-27.8676508,5.298578489,NA,-2.55835138,NA,NA,-30.42600218,0.028022011,0.026719298,1.286901468,2.175182061,NA,NA,NA,NA,NA,NA,NA,NA,NA,-0.238166836,NA
34100,-6.707409753,-7.596505058,-3.91825543,-1.646399837,-0.871,-5.434245366,-12.10974987,-3.582562748,-1.595564574,-0.84999999,-20.73957008,-23.57212255,2.832552471,NA,-1.607697453,NA,NA,-25.17982,0.478966973,0.246761545,1.35096067,0.367237947,0.767330276,9.85E-04,1.186985897,0.729482316,0.52501943,1.082233354,1.164120337,-0.068200027,0.770008409,-0.222527593,9.109831951
34200,-7.033175355,-6.979736575,-3.261146497,-1.639770323,-0.736,-5.861736334,-8.666666667,-3.686373414,-0.857160969,-0.68999996,-19.64982875,-19.76193734,0.112108594,NA,-1.332714411,NA,NA,-21.09465176,1.168647503,0.508657428,0.581025589,-0.033918108,0.59693631,0.097885287,1.064325424,0.323950453,0.292573223,1.312340615,NA,-0.801184866,0.770008409,-0.200860726,NA
34400,-8.169398907,-13.01068999,-3.863903199,-2.273781958,-1.014,-7.28125,-10.11484987,-3.678416955,-2.671977262,-0.77000012,-28.33177405,-24.5164942,-3.815279851,NA,-1.647507597,NA,NA,-26.1640018,0.744228716,0.574524643,1.659198476,1.896277624,1.00440014,0.746695566,1.240316538,0.948900522,0.848422849,1.466412433,0.662596854,0.601047,0.770008409,-0.261408488,14.59721737
34600,-6.68641115,-10.12776477,-2.650821945,-1.905817651,-0.857,-1.936507937,-9.033462033,-3.31894768,-2.072617657,-0.87000003,-22.22781551,-17.23153534,-4.996280176,NA,NA,NA,NA,NA,1.64611864,0.287287778,0.079197108,-1.645572006,NA,NA,NA,NA,NA,NA,NA,NA,NA,0.013092799,NA
34701,-6.611572792,-12.54468363,-3.539770625,-2.137481481,-0.965,-5.467065868,-11.69289703,-3.546462063,-1.626425651,-1.07000014,-25.79850853,-23.40285075,-2.395657777,NA,-2.250677522,NA,NA,-25.65352827,0.187179057,0.126816841,0.510890183,1.354988665,-0.002850447,NA,NA,NA,0.05392845,0.19862147,NA,0.81138178,-0.704253504,-0.257216302,NA
34702,-6.337083919,-12.05524862,-4.041237113,-2.298877596,-1.444,-6.184337879,-13.2708883,-3.553439039,-2.27482555,-0.87000003,-26.17644725,-26.1534908,-0.022956446,-1.30938087,-1.631787943,0.299450627,-27.48582812,-27.78527874,0.293283754,0.309913199,1.486191529,1.956342968,-1.277397307,1.620603288,0.486068909,-0.454928204,-0.803244612,0.66146579,0.263288633,0.350648452,-0.985065297,-0.208028712,4.864817472
34801,-7.293029872,-9.870699881,-3.583345681,-2.013752149,-0.64,-5.692640693,-13.66666667,-3.202514594,-2.043811817,-1.26000007,-23.40082758,-25.86563384,2.464806257,-0.661041323,NA,NA,-24.06186891,NA,0.028022011,-0.740727212,0.331524419,-0.274010477,1.574849502,0.561321201,0.184369858,0.948900522,0.848422849,1.642494512,NA,-0.801184866,0.770008409,-0.206345322,NA
34802,-5.872364891,-7.518818414,-3.366572709,-1.670675522,-0.126,-3.838709677,-8.926541927,-3.351417251,-2.337345585,-0.94000002,-18.55443154,-19.39401446,0.839582924,0.079026341,-1.409112827,2.327722092,-18.47540519,-20.80312729,0.399388451,-0.349407344,-0.071954347,-0.277070379,NA,-0.044235059,NA,0.489167138,NA,0.19862147,NA,NA,-0.049025987,-0.282277102,NA
34803,-6.601918465,-8.535377831,-3.961696306,-1.802363391,-1.279,-4.977055449,-10.31893449,-3.801705449,-2.52595859,-1.31000003,-22.18035599,-22.933654,0.753298009,NA,NA,NA,NA,NA,1.195173678,0.209169373,0.818892477,1.507623301,0.376426473,-0.654516548,1.302431048,0.41141811,0.743792331,1.81857659,0.177987497,-0.801184866,0.770008409,-0.254881276,7.377818157
34900,-6.493734336,-8.44773699,-3.079733671,-1.035212552,-0.87,-3.151329243,-1.749135979,-1.323571489,-0.105619261,-0.36999991,-19.92641755,-6.699655882,-13.22676167,-0.782312729,NA,NA,-20.70873028,NA,-0.847341739,-0.735597326,0.214427966,0.131774165,NA,-0.079765146,0.164815289,NA,0.576674143,0.46861399,0.061883171,-0.129282097,0.770008409,-0.205530778,NA
35100,-5.904522613,-9.325209748,-3.8053547,-2.458064068,-0.823,-7.557158713,-4.218728162,-4.235294118,-1.379874514,-1.03999993,-22.31615113,-18.43105544,-3.885095693,NA,NA,NA,NA,NA,1.593066291,0.542924273,0.72431095,0.664016871,NA,NA,NA,NA,NA,NA,NA,NA,NA,-0.248989409,NA
35200,-6.511637749,-7.523836442,-3.895273716,-2.424998144,-0.786,-6.19379845,-13.12729234,-4.186759852,-2.197837998,-0.92999985,-21.14174605,-26.63568849,5.493942439,NA,NA,NA,NA,NA,0.452440799,0.032996563,1.304659056,1.361689521,1.721536481,0.524246328,0.794472384,0.621340486,1.144875983,1.00859903,-0.220084476,0.005098457,-0.458543186,-0.239035682,9.199878556
35301,-7.072449319,-11.48952664,-3.674247982,-2.296936245,-1.484,-5.409591704,-11.4751469,-3.419198449,-2.107600257,-1.35999998,-26.01716018,-23.77153729,-2.245622898,NA,-1.093544991,NA,NA,-24.86508228,0.134126708,-0.218056757,1.454491645,1.69239753,0.797757769,0.021749387,1.353453682,0.819600507,0.901360909,1.38466004,0.142445356,-0.801184866,-0.107528444,-0.021063741,8.39555962
35302,-4.677083333,-11.57383966,-3.193568476,-2.240124825,-1.045,-7.334680679,-10.82566586,-3.739067507,-2.163920364,-1.10999992,-22.7296163,-25.17333433,2.443718033,-0.527531114,NA,NA,-23.25714741,NA,0.744228716,-0.260291186,0.443251203,0.394331319,0.59693631,0.364360938,1.570299875,1.067425535,0.292573223,0.552986653,1.048769936,-0.801184866,0.770008409,-0.242348161,7.973134374
35500,-4.172226743,-10.68627451,-2.822001528,-1.145407847,0.394,-6.751091703,-10.08583465,-2.741363212,-2.05381582,-0.66000005,-18.43191063,-22.29210543,3.860194808,-0.308247142,NA,NA,-18.74015777,NA,1.380856897,0.408363214,0.191960143,0.674061491,1.182665566,NA,0.727009124,0.076125426,0.718724603,1.059222628,NA,NA,0.002163662,-0.179085253,NA
35800,-4.741652983,-11.28467683,-3.545787546,-2.418531504,-0.513,-5.11126721,-11.48087432,-3.964420367,-2.087373938,-1.40000006,-22.50364887,-24.04393589,1.540287025,NA,NA,NA,NA,NA,2.945901178,0.124643681,0.710651268,1.828629888,NA,NA,NA,NA,NA,NA,NA,NA,NA,-0.253887532,NA
35900,-6.797228301,-11.41080439,-3.194169703,-0.344140691,-0.525,-8.829391237,-11.05704749,-3.515351713,-1.344434944,-0.61999997,-22.27134309,-25.36622535,3.094882265,NA,-1.48696544,NA,NA,-26.85319079,1.486961594,-0.120473937,0.854831574,0.987704319,1.096758608,-0.044235059,0.614570357,1.810900616,1.144875983,1.54858407,0.005489642,-0.801184866,-0.049025987,-0.181800399,10.12062207
36000,-7.126330731,-10.3105802,-3.401574803,-0.606685685,-0.082,-7.222891566,-4.438627625,-3.337057728,-1.798091104,-0.91999998,-21.52717142,-17.716668,-3.810503421,-0.342959238,-2.5769088,-1.576553859,-21.87013066,-20.2935768,0.850333413,0.203531152,1.334098027,0.67464751,-0.860878726,0.097885287,1.21424378,0.929744964,0.387273529,1.368589057,0.53182925,0.094685493,0.770008409,-0.058098336,8.56552306
36100,-4.217619297,-1.931650894,-3.112415465,-2.436400201,-1.168,-6.565698479,-9.890081495,-3.305156641,-2.241571756,-1.47999992,-12.86608586,-23.48250829,10.61642243,-0.280131668,-0.098507175,10.43479794,-13.14621753,-23.58101547,0.532019322,-0.302675122,0.837686317,0.736781669,1.429973474,0.097885287,0.764488713,0.048589311,0.008472302,0.46861399,-0.032106044,0.094685493,0.770008409,-0.287843151,5.313054568
36201,-6.894736842,-7.744259699,-3.768282989,-2.248814407,-1.014,-5.671664168,-11.04684851,-3.792432849,-2.304313332,-1.81000015,-21.67009394,-24.62525901,2.955165074,-0.542470675,-2.492057529,4.904751928,-22.21256461,-27.11731654,1.46043542,-0.114005555,1.156946073,0.885117168,0.59693631,1.245780395,0.960535793,1.20086978,0.620381977,1.507046759,0.30047118,-0.180966926,0.770008409,-0.248945966,12.60726099
36202,-6.931488801,-10.78818737,-3.708516242,-2.506022174,-0.408,-6.883597884,-10.72945298,-3.773650233,-2.636898581,-1.49000009,-24.34221459,-25.51359976,1.171385174,-2.285401971,NA,NA,-26.62761656,NA,0.691176367,-0.185598434,0.23830886,1.681729726,0.686190292,0.300914354,1.0000747,0.489167138,0.820189217,1.24002119,-0.703457585,-0.417240427,0.770008409,-0.25533199,7.146233309
36203,-6.948717949,-9.82998944,-3.752774488,-2.438906196,-1.22,-7.774139379,-9.247152813,-3.722960152,-1.946884576,-0.75000008,-24.19038807,-23.441137,-0.749251073,-0.901787756,-2.37947692,0.728438091,-25.09217583,-25.82061392,1.195173678,-0.279960964,1.484448742,2.284846894,1.188831137,0.546686382,1.703451046,1.184816337,1.144875983,0.965968632,1.026509332,0.047534421,0.770008409,-0.239089985,14.75560276
36301,-7.531571219,-9.940884252,-3.498383969,-2.629679478,-1.222,-6.159343098,-10.47642505,-3.978812378,-2.302526398,-1.17999991,-24.82251892,-24.09710684,-0.725412081,-1.719910109,-1.044456192,-1.400865998,-26.54242903,-25.14156303,-0.316818254,-0.257228059,1.119641009,1.756030467,NA,NA,-0.116281628,0.323950453,0.718724603,1.059222628,1.260245671,0.206669288,0.002163662,-0.075692484,NA
36302,-6.949260042,-6.253840527,-4.058073751,-2.24745207,-1.435,-6.774810859,-9.222222222,-3.864387134,-2.580444634,-1.72999998,-20.94362639,-24.17186483,3.228238439,-0.695329664,-1.589330977,4.122239752,-21.63895605,-25.76119581,-0.051556512,-0.430722186,0.564115844,1.134696074,0.452756801,-0.066099728,NA,0.285823526,0.09588797,0.572457267,NA,0.439251015,-0.175031279,-0.259442722,NA
36303,-5.082840237,-9.399124607,-3.876277271,-2.385087478,-1.156,-5.720615548,-9.690420862,-3.271187545,-2.557300001,-1.00000014,-21.89932959,-22.2395241,0.340194503,-1.559162354,-0.88849889,-0.330468961,-23.45849195,-23.12802299,0.58507167,0.164297938,1.018700664,2.371743681,NA,-0.968017313,1.449829768,0.677986206,1.144875983,1.52929889,0.504975188,-0.225268207,0.770008409,-0.250477309,NA
36400,-1.278481013,-13.66666667,-3.931688805,-2.888888889,-0.214,8.714285714,-13.66666667,-4.235294118,-2.888888889,NA,-21.97972537,NA,NA,NA,NA,NA,NA,NA,NA,-0.531339756,0.681777524,1.786371605,NA,NA,NA,NA,NA,NA,NA,NA,NA,-0.172243085,NA
36600,-7.657878969,2.571550985,-4.083351422,-2.504199526,-0.587,-6.890625,0.326007326,-4.235294118,-2.539812197,-2.19999989,-12.26087893,-15.53972388,3.278844947,-1.576479886,NA,NA,-13.83735882,NA,1.619592466,2.43796507,3.178767524,0.068360875,-0.965008371,0.097885287,1.064325424,NA,0.008472302,0.46861399,0.343850818,-0.801184866,-1.277577582,0.110457943,NA
