Census Tract,2019 Total Crime Index,Low_Response_Score,pct_Mobile_Homes_ACS_13_17,pct_Crowd_Occp_U_ACS_13_17,pct_PUB_ASST_INC_ACS_13_17,pct_Sngl_Prns_HHD_ACSMOE_13_17,avg_job_growth_04_13,job_density_13,Incarceration_rate
42101000100,81,24.5,0,1.65,0,8.22,0.0348,59761,0.0319
42101000200,443,25.3,0,12.77,2.48,11.59,0.1257,93331,0.0025
42101000300,338,22.8,0,2.6,2.11,6.86,0.0213,110198,0.0069
42101000401,361,21,0,4.56,2.72,7.31,-0.028,133807,0.0642
42101000402,403,16.5,1.89,0,0.97,6.12,0.0225,521752,0.0067
42101000500,412,31.1,0,2.25,2.47,5.75,-0.0333,127470,0.0016
42101000600,459,29.1,0,4.9,0,7.76,-0.0221,196687,0.0231
42101000700,463,23.6,0,0.33,2.1,7.59,-0.0115,114716,0.0096
42101000801,370,24.5,0,5.52,2.01,11.58,-0.0722,4897,0
42101000803,153,19.6,0,0,0.76,8,0.0081,26661,0
42101000804,199,21.1,0,2.04,0,6.84,-0.0217,166893,0.0416
42101000901,385,26.7,1.38,4.9,4.26,7.2,0.0122,48561,0.0038
42101000902,327,21.4,0,0.99,5.93,6.55,0.2167,145317,0.0054
42101001001,280,14.1,0,0.21,0,7.49,0.0239,68270,0.0011
42101001002,229,17.4,0,0.47,0.77,6.9,0.024,33176,0.001
42101001101,257,22.1,0.74,0,2.15,8.95,-0.0533,8896,0.0035
42101001102,182,24.3,0,3.89,1.21,7.48,0.0514,43051,0.0022
42101001201,279,18.5,0,1.57,1.09,5.87,0.0354,4786,0.0004
42101001202,98,21.9,0,2.86,0,7.12,0.0343,42773,0.0059
42101001300,228,20.9,0.73,1.68,2.19,7.35,-0.0454,1626,0.0628
42101001400,127,21.3,0,1.85,1.15,7.31,0.1108,3566,0.0449
42101001500,138,22.1,0,0.6,2.34,6.55,0.006,5217,0.0238
42101001600,182,20.9,0,0.65,0,8.21,-0.0037,13737,0.0331
42101001700,211,18,0.83,0,0.52,6.98,0.0509,2581,0.0108
42101001800,174,21.1,0,0.2,2.56,6.03,0.0296,6074,0.0861
42101001900,179,24.4,0,0.27,3.6,7.38,0.0551,4835,0.0743
42101002000,198,25.9,0,0,6.21,8.53,0.0142,1420,0.1028
42101002100,194,25,0,1.25,6.8,6.6,-0.1602,1348,0.0657
42101002200,221,27.5,0,3.29,13.92,11.35,-0.1066,3398,0.0567
42101002300,202,22,2.11,2.88,3.45,8,0.0601,3939,0.0084
42101002400,145,24,0,6.63,3.43,5.74,0.0008,7077,0.0151
42101002500,180,21.5,0,0.53,6.85,7.37,0.0316,2578,0.0361
42101002701,149,27.2,0,7.81,14.06,7.08,0.0291,1161,0.0506
42101002702,92,20.3,0,0.9,2.08,6.27,0.005,3232,0.0033
42101002801,65,26,2.1,6.47,2.03,7.68,0.0369,2756,0.032
42101002802,91,20.2,0,3.14,5.34,6.74,0.0268,4321,0.0163
42101002900,112,19.6,2.31,2.92,0.73,7.55,-0.0135,5000,0.0105
42101003001,152,23.5,0,2.77,4.84,7.94,0.0849,2632,0.0417
42101003002,77,24.5,0.76,2.51,7.87,7.3,0.1001,2307,0.0763
42101003100,218,25.8,0,3.12,8.06,6.53,0.0381,594.8,0.0654
42101003200,114,28.8,0,3.37,8.12,8.98,0.1278,1274,0.0662
42101003300,169,26.9,0,1.18,8.84,8.88,0.0044,3529,0.0446
42101003600,156,26.6,0,1.52,11.04,7.46,0.039,1051,0.0472
42101003701,229,27.6,0,0.77,9.06,9.07,0.0987,1328,0.0386
42101003702,142,26.7,0.52,2.71,9.54,7.33,0.2089,8729,0.0195
42101003800,154,15.9,0,1.51,5.18,5.77,0.031,4454,0.0166
42101003901,107,19.2,0,2.81,4.56,8.46,-0.0323,7556,0.017
42101003902,128,14.8,0.47,0.48,5.17,6.92,0.0574,3560,0.0015
42101004001,76,21,0,1.17,3.08,7.07,0.0327,7459,0.0134
42101004002,126,17,0,6.04,3.6,9.63,0.0958,10586,0.008
42101004101,89,26.3,0.7,11.62,13.27,8.66,-0.1234,2785,0.0644
42101004102,115,26.3,0,11.44,9.05,6.5,0.0604,1179,0.0305
42101004201,85,17.6,0,0.2,4.84,7.21,0.0488,1086,0.0272
42101004202,108,17.6,0,5.76,3.41,6.53,0.1791,9589,0.0118
42101005000,68,,,,,,0.1559,3317,0.0271
42101005400,290,25.5,0,5.67,2.6,11.25,0.0082,119.2,0.0367
42101005500,265,24.8,0.53,0,4.67,7.56,-0.2818,829.3,0.0188
42101005600,145,32.5,0,0,21.93,15.23,0.0229,1370,0.0399
42101006000,397,25.7,0,1.13,8.76,7.65,0.0848,1354,0.0185
42101006100,126,24,0.86,0.72,9.67,8.68,-0.0334,815.5,0.018
42101006200,151,28.5,0,2.54,6.71,7.61,0.1974,1284,0.025
42101006300,129,31.8,4.21,4.69,12.91,9.42,0.0663,1177,0.0581
42101006400,186,28.8,0,7.25,9.61,10.18,-0.0076,1181,0.0435
42101006500,140,29.5,0,2,12.03,7.36,0.0811,282.1,0.0534
42101006600,143,28.5,0.9,6.24,12.25,7.62,-0.0557,2143,0.0475
42101006700,211,28.6,0,5.55,9.35,6.65,0.0859,814,0.0421
42101006900,133,33.4,0.7,5.87,19.43,11.85,0.0238,1540,0.0774
42101007000,275,26,0,3.25,11.76,9.71,0.0697,2077,0.0589
42101007101,143,28.7,0,5.64,9.47,8.34,0.0108,3765,0.0599
42101007102,192,28.5,0.41,3.23,5.86,8.93,0.2583,540.4,0.0578
42101007200,109,27.8,0,0.67,5.05,9.11,-0.0662,2521,0.0634
42101007300,93,28.3,0,0,11.28,13.3,0.0866,510.1,0.0646
42101007400,158,28.4,0,3.2,6.06,8.03,0.0854,969.3,0.0769
42101007700,207,33.7,0,0,1.08,9.04,0.1658,30532,0.0739
42101007800,189,25.3,0,4,8.79,7.84,0.0232,2467,0.0225
42101007900,163,24.7,0,0.58,2.57,8.61,0.1449,1459,0.0361
42101008000,125,27.2,0.47,1.12,13.09,7.93,0.0027,6301,0.0559
42101008101,159,30.7,0,1.93,7,9.39,0.0691,1436,0.0511
42101008102,134,28.9,0,2.4,12.17,7.68,0.2574,392.9,0.0411
42101008200,129,26.7,0,0,4.51,9.2,0.0376,308.4,0.0378
42101008301,65,27.6,0,0,7.65,6.46,-0.0128,2518,0.0808
42101008302,90,30.7,0,2.92,6.34,7.96,-0.0685,1207,0.0597
42101008400,146,29.9,0,3.05,8.73,9.01,0.1119,3562,0.0464
42101008500,153,30,0,2.02,6.3,6.72,0.045,2588,0.0779
42101008601,182,26.4,0,1.52,2.75,7.84,0.0923,3309,0.0594
42101008602,143,27.3,0,0.66,6.47,10.89,-0.021,3629,0.0647
42101008701,198,29.4,0,8.37,1.91,8.31,0.09,4300,0.0387
42101008702,177,29.6,0,3.42,0.72,8.23,-0.0118,5963,0.0331
42101008801,271,37.2,2.87,0,2.31,18.53,0.0441,16099,
42101008802,312,35.6,0,3.28,0.99,8.95,-0.0587,10351,0.0289
42101009000,282,33.9,0,1.78,0,8.1,-0.0789,5381,0.0231
42101009100,161,27.9,0,6.47,6.79,7.11,-0.0296,21665,0.0295
42101009200,325,32,0,1.55,12.02,7.3,0.0644,1328,0.0471
42101009300,234,29.6,0,0,10.69,6.57,0.0628,703.2,0.0514
42101009400,143,29.1,0,2.21,12.71,6.09,-0.1046,993,0.0945
42101009500,168,30.4,0,2.27,17.62,11.8,0.1937,1000,0.0469
42101009600,143,31.8,0,0,14.31,9.2,0.059,859,0.0667
42101009801,152,26,0.58,0,1.74,8.37,0.1308,5443,0.0128
42101009802,193,25.9,0,2.13,3.19,8.84,0.0179,1691,0.0198
42101010000,174,27.9,0,3.8,6.33,8.31,0.1771,3073,0.0272
42101010100,183,30.7,2.79,2.11,9.5,9.43,0.0525,724.1,0.0754
42101010200,140,30.5,0,1.08,18.24,9.79,0.0432,1727,0.0788
42101010300,136,34.1,1.22,1.76,11.53,12.03,0.0867,678.9,0.0592
42101010400,176,29.7,3.48,3.71,26.73,9.26,-0.0247,3742,0.081
42101010500,195,28.6,0,5.74,13.74,6.69,0.0569,4067,0.0718
42101010600,178,29.9,0,3,8.85,10.69,0.012,1539,0.0755
42101010700,178,34.4,0,3.3,19.07,9.73,-0.0115,1275,0.0774
42101010800,215,30.8,1.37,5.82,9.39,9.88,0.0461,477.9,0.0972
42101010900,230,33,0,2.8,10.66,6.3,0.0943,2250,0.0591
42101011000,239,31,0,6.65,14.96,9.22,0.1298,1033,0.0354
42101011100,196,28.6,1.13,0,8.71,7.86,0.0926,4247,0.0893
42101011200,217,30.3,0,2.49,7,11.15,0.117,1381,0.0506
42101011300,108,30.4,0,0,9.98,10.06,0.3398,2481,0.0554
42101011400,118,27.4,0.35,0,7.95,8.02,0.0354,1691,0.0504
42101011500,106,25.1,0,1.37,0.54,6.44,-0.0977,881.1,0.0486
42101011700,101,22.9,0,0,3.04,9.33,0.0068,5688,0.0304
42101011800,65,25.5,0,0,7.13,8.14,0.1091,453.3,0.046
42101011900,107,27.6,0,1.18,4.03,7.87,-0.1491,876.4,0.0558
42101012000,134,25.9,0,0,5.42,7.79,-0.0132,1728,0.049
42101012100,131,25.2,0,0.58,4.95,8.63,-0.0213,3354,0.0302
42101012201,131,27.5,0,4.38,10.41,7.53,-0.0162,1932,0.0271
42101012203,123,35.5,0,3.31,2.07,10.54,-0.0123,6460,
42101012204,270,21.8,0,0,1.96,7.54,0.0588,9564,0.0219
42101012500,144,23.1,0,2.26,0,6.97,0.0182,33856,0.0154
42101013100,288,28.9,0,0,16.64,9.4,-0.1935,1274,0.0855
42101013200,239,27.7,0,1.9,12.8,9.86,0.1072,3424,0.0547
42101013300,250,31.7,0.46,2.99,11.04,6.66,0.0093,33630,0.0734
42101013401,312,12.9,0,2.24,0,7.99,-0.0235,8508,0.0073
42101013402,133,23,0,1.13,0.46,8.26,-0.0818,6043,0.0235
42101013500,243,23.9,0.48,2.85,10.66,7.56,0.0758,2141,0.05
42101013601,201,16.1,0,3.75,0,6.38,0.0375,7800,0.0184
42101013602,183,19.8,0,1.71,3.48,6.57,0.0697,1088,0.0224
42101013700,163,26.7,0,0,8.19,11.12,0.0943,1224,0.0644
42101013800,232,28.3,0,0,7.23,8.6,0.1525,1250,0.0718
42101013900,207,29.7,0,0.61,12.03,9.4,0.0064,3539,0.0973
42101014000,155,31.3,0,0.39,6.49,9.41,0.0304,3335,0.0558
42101014100,274,28.1,2.11,4.03,8.63,7.47,0.0696,4452,0.0997
42101014200,294,26,0,0.47,0.75,9.85,0.1508,10479,0.0256
42101014300,234,22.7,0,0.95,4.34,7.79,0.0018,4150,0.0008
42101014400,207,29.4,0,2.56,9.29,7.43,0.041,4294,0.035
42101014500,225,32,0,3.66,25.64,7.95,-0.1314,4548,0.0613
42101014600,195,25.6,0,2.32,8.99,7.46,0.1001,2552,0.0661
42101014700,133,35.7,0.88,2.77,8.84,11.98,0.0546,6415,0.0804
42101014800,228,31.1,0,0,16.4,11.31,-0.0571,445.9,0.0411
42101014900,213,28,0.77,0,8.98,8.03,0.1151,731.4,0.0735
42101015101,169,31.4,0,5.22,17.66,9.89,-0.1245,173.3,0.0447
42101015102,190,29.8,0,2.36,12.49,8.67,0.1789,1698,0.0736
42101015200,174,34.6,0,0,21,12.32,-0.0429,2221,0.0721
42101015300,300,33.5,0,1.53,5.2,8.96,0.1093,1320,0.0414
42101015600,216,30.8,0,7.78,19.46,10.29,-0.0025,2922,0.0536
42101015700,251,27.9,0,4.4,8.58,9.63,0.0434,3888,0.0761
42101015800,202,19.5,0,0.6,1.64,7.98,0.0737,2522,0.0192
42101016000,117,19.5,0,3.27,4.1,7.51,-0.0138,2640,0.0204
42101016100,94,26.4,0,4.38,6.49,6.97,0.0217,2853,0.0302
42101016200,184,30.4,0,5.12,11.95,7,0.0802,4787,0.0698
42101016300,255,32.4,0,1.9,19.08,10.06,0.0908,8430,0.0589
42101016400,242,32.6,0,4.05,13.02,8.32,0.0558,1604,0.0806
42101016500,250,32.3,0,3.55,23.2,11.17,0.0157,703.9,0.0623
42101016600,210,28.9,0,5.63,6.67,10.71,0.118,3970,0.1044
42101016701,280,27.9,0,1.08,14.49,10.6,0.0283,91.84,0.0737
42101016702,121,28.5,0,0,4.85,8.81,0.133,2380,0.1065
42101016800,222,28.2,0,0,10.6,7.55,0.0801,1179,0.0811
42101016901,152,28.4,1.3,0,16.09,10.54,0,1485,0.0752
42101016902,193,29.6,0,2.94,8.71,7.95,0.1539,981.7,0.0952
42101017000,141,28.1,0.91,0,5.16,8.97,-0.014,3391,0.0913
42101017100,265,27,0,0.87,8.76,9.82,-0.0607,1511,0.0468
42101017201,221,27.1,0,3.2,9.67,8.85,-0.0164,2814,0.0656
42101017202,119,24.6,0.57,0,5.47,8.36,-0.0232,910.7,0.0864
42101017300,127,27.1,0,0.62,8.01,8.76,0.117,3180,0.0528
42101017400,170,28.8,0,2.72,9.33,11.29,0.1354,2883,0.0888
42101017500,183,31.8,0.32,1.57,13.07,9.04,0.0008,1464,0.0595
42101017601,169,31.4,0.88,4.49,14.67,7.64,0.0593,5362,0.047
42101017602,181,32.9,0.81,7.42,19.07,9.41,0.0531,2529,0.0588
42101017701,138,35.1,0.71,6.45,22.45,8.96,0.1028,4333,0.0284
42101017702,177,32.7,1.29,7.03,19.2,6.91,-0.0119,8201,0.051
42101017800,152,32.5,3.88,3.31,23.12,8.73,-0.0642,3750,0.0643
42101017900,152,27.8,0,7.84,19.86,9.12,-0.0069,1754,0.0274
42101018001,127,20.5,0,3.11,5.51,6.27,0.0432,1453,0.0069
42101018002,49,20.3,0,2.44,6.92,8.28,-0.0069,2194,0.0163
42101018300,73,16.6,0.3,0.69,2.48,6.64,0.0277,1791,0.0104
42101018400,76,17.2,0.58,1.11,2.84,8.61,-0.0311,514.1,0.0232
42101018800,111,32.1,0,3.17,22.07,7.81,0.0259,2277,0.042
42101019000,165,30.8,0.71,4.3,7.85,8.1,0.0984,2458,0.0295
42101019100,157,25.1,1.9,4.24,11.38,7.55,-0.0515,2379,0.0087
42101019200,103,34.3,0,8.37,12.16,5.78,-0.0707,1280,0.055
42101019501,148,31.9,0,4.93,15.8,9.77,0.1474,3559,0.0782
42101019502,178,33.3,2.27,8.11,19.94,13.1,0.0492,1315,0.0804
42101019700,151,29.1,0,1.99,14.33,8.53,0.1343,2144,0.0302
42101019800,123,31.7,0,5.05,15.1,6.5,-0.0908,1565,0.0666
42101019900,130,33.2,0,3.38,23.13,9.68,0.1093,2156,0.0354
42101020000,200,31.3,0,7.39,7.21,10.39,0.4242,44057,0.0587
42101020101,400,29,0,3.89,10.31,8.32,0.4233,13845,0.0657
42101020102,304,28.1,0,0,3.85,10.19,0.1193,2125,0.0361
42101020200,199,26.8,0.72,1.75,10.24,11.16,0.0233,1205,0.0514
42101020300,177,32.1,0,2.63,12.97,10.81,0.0552,2913,0.0723
42101020400,253,27.5,0,0,9.38,11.78,0.066,1268,0.0699
42101020500,184,26.2,0.61,0,5.7,11.79,0.0855,2681,0.0291
42101020600,222,25.1,0,4.06,3.08,9.78,0.3041,7048,0.0086
42101020700,235,23,0,0,0.7,7.56,-0.0933,1543,0.0169
42101020800,120,26.6,0,0.99,3.14,9.4,0.01,2515,0.0051
42101020900,183,22.9,0,0.59,1.09,7.08,0.0539,3883,0.0171
42101021000,154,21,1.45,0,1.07,6.66,-0.0223,3121,0.0085
42101021100,142,20.1,0,2.88,1.15,9.7,0.0344,1785,0.0015
42101021200,144,19.8,0,2.5,0.86,8.4,0.044,2126,0.0124
42101021300,150,22.5,0,2.57,2.21,6.08,-0.0316,1490,0.0084
42101021400,79,26.4,0.32,2.88,2.57,6.4,-0.0467,2799,0.0088
42101021500,157,22.4,0,0,1.11,6.37,0.0146,803.6,0.0225
42101021600,134,24,0,3.3,0.5,7.34,-0.0333,1268,0.0219
42101021700,236,14.2,0,2.87,1.56,7.65,-0.0503,2040,0.0069
42101021800,124,25.3,2.73,1.8,3.97,8.78,0.0292,774,0.0085
42101021900,117,17.5,0,0,1.52,7.11,0.056,270.2,0.0107
42101022000,125,13.9,0,0,2.95,8.96,-0.0154,529.5,0.0103
42101023100,113,14.8,0.54,0,1.21,6.85,-0.0525,1523,0.0076
42101023500,127,16.9,0,0,0.71,9.44,0.0366,254.2,0.0055
42101023600,141,17.6,0,0,1.12,9.04,0.054,1831,0.0011
42101023700,117,22.3,0,1.03,6.75,9.09,0.0315,2159,0.0421
42101023800,159,23.5,0,1.69,0.84,9.79,0.0041,2199,0.0446
42101023900,173,22.9,0,0.94,2.83,5.64,0.0506,1410,0.0318
42101024000,118,26.1,0,2.81,6.48,8.63,-0.0033,2105,0.0268
42101024100,163,23.9,0,0.43,4.49,8.29,0.0008,9752,0.0921
42101024200,208,25.8,0,2.43,5.44,7.71,0.0288,2902,0.0711
42101024300,213,27.5,0.99,6.98,2.46,7.29,0.1047,1019,0.0452
42101024400,117,28.8,0,0,12.55,9.7,0.1035,1012,0.0509
42101024500,178,29.4,0,0,10.13,9.26,0.0014,1544,0.0413
42101024600,233,31.6,0,1.97,13.02,9.96,0.0201,3358,0.0486
42101024700,279,28.3,1.15,2.34,13.13,7.41,-0.017,1171,0.0535
42101024800,219,28.7,1.91,3.43,3.98,10.16,-0.0718,544.7,0.0397
42101024900,185,27.7,0,0,12.08,10.75,0.0353,325.4,0.0592
42101025200,99,27.1,0,2.9,9.88,7.6,0.0421,2049,0.055
42101025300,127,28.7,0,2.29,9.53,7.62,0.0807,2424,0.0407
42101025400,149,21.2,0,0,5.53,7.44,-0.0734,245.8,0.0078
42101025500,104,20.8,0,2.49,0,9.67,-0.0126,868.2,0.0284
42101025600,149,18.6,0,0,1.49,8.76,-0.0143,1293,0.0197
42101025700,80,23.6,0,0.93,0.52,6.03,0.0296,2294,0.0115
42101025800,148,19.3,0,2.68,1.61,8.62,0.024,229.1,0.0501
42101025900,33,25.5,0,0,1.43,10.64,0.1015,1632,0.0424
42101026000,80,23.4,0,0.56,6.92,7.91,-0.08,642.9,0.0558
42101026100,102,23.4,0,0.92,7.38,9.2,0.1455,1096,0.0201
42101026200,86,22.3,0,0,1.9,7,0.1553,51.16,0.0269
42101026301,58,24.4,0,1.16,8.19,8.45,0.0108,414,0.0363
42101026302,74,24.3,0,1.98,8.02,8.75,-0.0049,1151,0.0413
42101026400,139,24,0,0,6,10.49,0.0421,879.9,0.0469
42101026500,115,29.3,0,2.62,12.78,8.19,0.0153,1299,0.0649
42101026600,119,24.9,0,1.29,9.94,7.99,0.1018,691.2,0.0568
42101026700,54,27.2,0,0,10.13,8.25,0.1704,678.7,0.0444
42101026800,92,27.8,0.56,1.67,4.23,7.83,0.0485,3130,0.0327
42101026900,173,22.1,0,3.88,0.72,7.59,0.0243,2084,0.0084
42101027000,98,25.4,0,1.32,4.41,7.49,0.1001,371,0.0247
42101027100,52,25,0.73,6.04,6.37,8.81,0.055,854.2,0.0193
42101027200,73,26.3,0,2.81,3.87,6.84,-0.021,889.3,0.0157
42101027300,111,27.7,0,1.33,6.67,8.76,-0.0805,2072,0.0269
42101027401,125,24.5,0,4.65,1.93,9.89,0.0393,3571,0.0293
42101027402,143,27.5,0,2.09,7.08,9.56,-0.0031,538.1,0.0226
42101027500,108,28,0.28,2.44,6.77,7.5,0.0131,1393,0.0266
42101027600,79,28.9,0,4.14,5.47,7.82,0.0758,2254,0.0448
42101027700,181,26.6,0.96,0.36,17.38,9.3,0.0655,1287,0.0512
42101027800,143,28.4,0,4.13,9.31,8.1,0.05,2050,0.0605
42101027901,170,27.8,0,4.69,4.9,7.44,0.0298,347.8,0.0503
42101027902,124,29.5,0,0,10.99,6.83,0.0946,4183,0.0679
42101028000,149,26.6,0,1.99,9.17,9.71,0.0354,913.4,0.0625
42101028100,150,26.9,0,3.5,8.33,8.48,0.0382,1727,0.0479
42101028200,219,27.9,0,0,4.19,9.3,0.0173,22270,0.0645
42101028300,228,31.7,0.64,3.6,15.33,9.1,0.0147,1092,0.0444
42101028400,181,30.2,0,1.66,10.02,7.72,0.1493,700,0.0633
42101028500,126,32.9,1.53,3.04,17.08,8.68,0.0806,2184,0.0144
42101028600,142,29.7,0,0.66,8.72,9.75,0.0381,2188,0.0471
42101028700,165,32.8,1.32,3.85,9.62,8.52,0.0141,1280,0.0418
42101028800,174,30.9,0,6.56,8.77,7.28,0.0529,2836,0.0162
42101028901,176,32.3,0,4.38,10.82,8.2,-0.025,2675,0.0312
42101028902,159,31.7,0.28,6.21,6.36,6.27,0.0442,302,0.0464
42101029000,112,29.3,2.32,9.51,7.4,8.51,0.0744,1316,0.0294
42101029100,111,30.5,0,3.64,15.83,8.31,-0.0416,5618,0.0165
42101029200,177,28.5,0.68,1.29,8.57,8.79,0.0814,2350,0.0227
42101029300,200,31.6,0,5.44,14.66,11.05,-0.0465,3449,0.0376
42101029400,277,32.6,0,6.01,14.68,9.43,0.0002,2268,0.0375
42101029800,224,26.8,0,1.55,14.78,6.55,0.0178,1382,0.0232
42101029900,114,32.1,0,8.69,18.31,6.41,0.1055,1092,0.0388
42101030000,205,32.2,0.81,1.31,13.28,8.39,0.009,5616,0.0484
42101030100,225,31.7,0,3.2,11.33,8.73,-0.1996,621.4,0.0215
42101030200,167,28.4,1.81,3.16,7.9,9.28,0.1389,2704,0.0158
42101030501,112,29.4,0,2.69,8.54,6.72,0.0177,5356,0.0257
42101030502,160,27.1,0,2.94,3.82,5.84,0.1047,1007,0.0256
42101030600,95,23.7,0.44,1.56,4.74,6.78,-0.0114,2622,0.0134
42101030700,131,27.1,0,6.31,1.66,7.34,-0.0272,2702,0.0013
42101030800,172,21.2,0,3.9,1.16,6.35,-0.1142,452.8,0.003
42101030900,37,27.8,0,6.14,7.53,7.55,0.051,2703,0.007
42101031000,95,23,0.55,4.65,4.37,5.87,0.0399,2190,0.0059
42101031101,76,30.2,0,3.99,14.7,7.51,-0.0009,866.7,0.0217
42101031102,67,25.3,0,1.4,2.47,6.99,0.1443,1857,0.0185
42101031200,87,26.9,0,3.1,13.31,9.15,0.0114,933.7,0.015
42101031300,117,27.5,1.67,2.43,7.16,6.56,-0.0657,2069,0.0162
42101031401,105,26.2,2.34,4.21,2.74,6.28,0.0329,2443,0.0091
42101031402,125,23.8,0.93,3.73,5.38,6.23,0.1264,2303,0.0155
42101031501,68,21.2,0,4.87,7.36,11.18,0.001,1463,0.0139
42101031502,42,23.6,0.44,1.96,9.67,7.75,-0.0211,4471,0.0017
42101031600,49,24.6,0,1.61,0.74,6.06,-0.0007,3565,0.0104
42101031700,78,23.6,0,1.73,2.37,9.37,-0.0259,782.4,0.0063
42101031800,84,26.6,0.51,0.62,6.45,7.43,0.1964,1207,0.0178
42101031900,77,27.7,0,2.1,10.54,7.66,-0.0066,819.4,0.008
42101032000,67,22.2,0.52,0.61,9.6,6.03,-0.0325,2392,0.0076
42101032100,66,28.8,0,4.63,17.95,7.5,-0.0216,1728,0.0074
42101032300,155,25.8,0,1.81,9.36,7.3,0.023,909.5,0.0097
42101032500,92,25.8,0,1.83,11.97,8.38,0.0296,1577,0.0188
42101032600,106,24.7,1.61,1.44,3.51,9.38,0.0047,1470,0.0042
42101032900,76,25.5,0,3.38,10.15,10.4,0.0301,1548,0.0174
42101033000,127,24.2,0.59,0,7.99,8.02,0.0373,2364,0.0129
42101033101,85,18.8,0,2.11,2.46,6.73,0.0101,2713,0.0106
42101033102,36,19.6,0,0.51,2.15,8.33,-0.0301,2018,0.0107
42101033200,75,17.4,0,0,1.46,5.9,0.092,1588,0.0144
42101033300,25,16.7,0,2.4,3.15,6.3,-0.0109,6194,0.007
42101033400,59,19.9,0.4,3.62,0.85,5.97,0.0601,3683,0.0084
42101033500,78,22.7,1.81,3.17,6.98,9.05,-0.0299,6291,0.0069
42101033600,105,23.6,0,7.34,6.11,7.39,0.0083,1353,0.01
42101033701,68,22,0,3.39,7.65,8.87,0.02,4383,0.0095
42101033702,138,15.5,0,1.34,2.16,8.05,0.0032,350.5,0.0073
42101033800,31,21.2,0.43,5.65,0.48,6.37,0.0052,1092,0.0083
42101033900,40,23.4,0,4.65,6.34,8.86,0.0031,5571,0.0071
42101034000,129,17.1,0,2.22,2.61,7.13,-0.0853,1098,0.0027
42101034100,31,20,0,1.69,0.95,6.61,0.0153,1386,0.0104
42101034200,73,18.3,0,0.41,0.95,5.99,0.0298,1785,0.0045
42101034400,54,13.4,0,1.18,2.83,5.33,0.0223,670,0.0031
42101034501,39,21.5,0,3.31,5.8,6.37,-0.0205,1046,0.0126
42101034502,134,22.2,0.7,2.38,4.34,6.71,-0.034,3379,0.0347
42101034600,172,25.4,0,1.9,8,8.63,0.1093,5725,0.013
42101034701,441,17.8,0.39,4.58,1.11,7.5,0.0229,747.2,0.0038
42101034702,24,15.2,0,2.12,2.34,5.77,0.0533,1653,0.0079
42101034801,30,17.8,0,1.73,3.02,5.95,-0.0362,1684,0.0105
42101034802,43,24.2,0,4.81,3.96,6.88,0.0281,285.7,0.0194
42101034803,101,17.3,0,0.52,3.78,6.47,0.0125,790.2,0.0092
42101034900,18,24.3,0,1.3,8.25,8.63,0.0292,1699,0.0151
42101035100,166,14.6,0,0,4.74,5.66,-0.0517,898.7,0.0239
42101035200,22,16.4,0,1.06,0.56,6.16,-0.0055,1082,0.0152
42101035301,86,18.9,0,0.41,2.1,5.56,0.2218,5096,0.0086
42101035302,55,18.2,0,0,2.98,6.78,-0.1841,1021,0.0049
42101035500,230,18.2,0.4,5.45,3.55,7.61,-0.0311,2186,0.0047
42101035601,227,15.1,0.65,0.92,5.89,6.37,-0.0229,1696,0.0026
42101035602,50,15,0,0,3.63,7.25,0.0396,2603,0.002
42101035701,106,20.7,0,10.51,4.86,5.85,0.0609,3359,0.002
42101035702,157,24.1,0,2.88,8.89,9.22,0.0125,1434,0.0004
42101035800,125,14.8,0,5.06,2.35,6.54,-0.0167,808.5,0.0083
42101035900,41,15.8,0,1.84,1.89,6.54,0.1303,2136,0.0022
42101036000,78,16.2,0,0,4.58,6.4,-0.0099,4414,0.012
42101036100,364,21.9,0,5.97,3.6,8.28,-0.0515,183.2,0.0041
42101036201,254,19.2,0,0.31,3.6,5.81,0.0129,899.5,0.0023
42101036202,149,17.5,0,0,0.26,7.59,-0.1095,781.9,0.0069
42101036203,29,15.4,0,1.23,1.74,5.55,0.0903,1081,0.0023
42101036301,57,17.6,1.94,2.21,4.18,6.31,0.0124,4090,0.0142
42101036302,122,22,0,0.91,2.14,7.99,0.0368,706.2,0.0199
42101036303,96,13.3,0.49,0,0.79,6.29,0.0022,871.3,0.0051
42101036400,95,9,0,0,14.35,9.39,-0.0091,2312,
42101036501,629,20.3,0.72,0,4.97,7.88,-0.0084,980,0.0037
42101036502,134,14.9,0,0,0.65,5.18,-0.0159,502.2,0.0086
42101036600,143,20.7,0,1.02,0,9.51,0.0996,7518,0
42101036700,300,23.5,0,2.27,0.45,6.75,0.0043,11352,0.0059
42101036900,304,33.3,0,8.63,0,7.55,0.0673,73708,0.0035
42101037200,186,17.1,0.7,2.83,2.09,6.57,-0.011,2073,0.0096
42101037300,94,15.1,2.3,0,1.52,7.14,0.0008,1247,0.0121
42101037500,167,24.2,0,3.53,2.66,8.91,0.0168,1258,0.0161
42101037600,121,27.2,0,4.1,5.31,7.65,-0.0471,13274,0.0482
42101037700,253,33.6,0,1.5,8.18,8.96,-0.0171,22730,0.0664
42101037800,183,22.2,0,0.29,6.07,11.04,-0.0002,1258,0.0154
42101037900,119,15.5,0,0.81,5.32,8.13,0.0559,6836,0.0108
42101038000,103,26.4,0.95,3.02,5.9,7.91,0.0078,2893,0.0163
42101038100,143,26.5,0,1.61,12.22,10.56,-0.017,2137,0.0216
42101038200,358,27.3,0,1.29,2.47,7.62,-0.0297,4146,0.029
42101038300,282,33.2,2.32,6.49,7.49,10.49,0.0305,5941,0.0287
42101038400,229,13.1,1.02,0.93,2.39,4.93,0.0733,1132,0.001
42101038500,135,16.1,0,0,1.26,5.83,-0.0018,1427,0
42101038600,146,12.2,0,0,0,6.19,-0.0233,315,0.0004
42101038700,123,14.8,0,0.62,0.62,6.02,-0.0716,1991,0.0009
42101038800,91,18.7,0,0.85,1.58,6.1,0.1003,1230,0.0029
42101038900,99,25.4,0,2.52,7.57,10.93,0.0428,1358,0.0323
42101039000,95,30.3,1.12,1.17,6.17,6.48,0.0341,4501,0.0344
42101980000,192,27.1,0,0,0,13.8,0.1399,1434,
42101980100,268,11.3,0,0,7.55,29.17,0.318,28.37,
42101980200,320,5.8,0,0,2.17,23.23,-0.1637,0.498,0
42101980300,38,,,,,,-0.0105,3020,
42101980400,1147,,,,,,0.1831,4047,
42101980500,0,,,,,,,0,
42101980600,0,,,,,,0.1235,11370,
42101980700,0,,,,,,-0.0024,3156,
42101980800,306,,,,,,0.0283,22.14,
42101980900,492,,,,,,-0.0122,1403,
42101989100,621,,,,,,0.0047,4126,
,175,,,,,,,,
